,search_item,page_num,brand,description,price,rating,reviews_num
83,shirts,1,MYOG Personalised Prints,Polo Shirt Personalised Stag Do Workwear Event Business,£15.95,4.0 out of 5 stars,167
85,shirts,1,J.VER,Men's Dress Shirts Long Sleeve Business Regular Fit Wedding Work Non Iron Shirt S-6XL,£16.79,4.3 out of 5 stars,"4,999"
86,shirts,1,Goodthreads,Men's Standard-Fit Long-Sleeve Oxford Shirt,£18.35,4.4 out of 5 stars,"1,849"
87,shirts,1,Enlision,Mens Casual Cotton Linen Shirt Long Sleeve Button Down Summer Lightweight Henley Shirt Tops,£19.99,4.4 out of 5 stars,512
88,shirts,1,Allthemen,Mens Casual Printed Shirts Summer Long Sleeve Linen Shirt Funky Floral Hawaiian Shirt XS-5XL,£19.99,4.2 out of 5 stars,"1,770"
89,shirts,1,Amazon Essentials,Men’s Regular-Fit Long-Sleeve Gingham Poplin Shirt,£20.30,4.3 out of 5 stars,"22,187"
90,shirts,1,J.VER,Men's Long Sleeve Stretch Dress Shirt Non Iron Business Casual Button Down Shirts S-6XL,£20.99,4.2 out of 5 stars,942
91,shirts,1,iCKER,Hawaiian Shirt Beach Shirt Mens Short Sleeve Shirt Floral Classic Shirt Print Casual Regular Fit,£20.99,4.3 out of 5 stars,610
92,shirts,1,COOFANDY,Men's Casual Cotton Long Sleeve Dress Shirt Plaid Collar Button Down Shirt,£25.58,3.4 out of 5 stars,45
93,shirts,1,COOFANDY,Men's Hawaiian Floral Shirts Cotton Linen Button Down Tropical Holiday Beach Shirts,£25.99,3.9 out of 5 stars,142
94,shirts,1,FULL TIME SPORTS,"2 Packs Mens Short Sleeve Polo Shirts, Comfortable Casual Golf & Tennis Tops",£31.99,4.1 out of 5 stars,305
96,shirts,2,J.VER,Men's Dress Shirts Long Sleeve Business Regular Fit Wedding Work Non Iron Shirt S-6XL,£16.79,4.3 out of 5 stars,"4,999"
97,shirts,2,iCKER,Hawaiian Shirt Beach Shirt Mens Short Sleeve Shirt Floral Classic Shirt Print Casual Regular Fit,£19.99,4.3 out of 5 stars,610
98,shirts,2,Allthemen,Mens Casual Printed Shirts Summer Long Sleeve Linen Shirt Funky Floral Hawaiian Shirt XS-5XL,£19.99,4.2 out of 5 stars,"1,770"
99,shirts,2,J.VER,Men's Long Sleeve Stretch Dress Shirt Non Iron Business Casual Button Down Shirts S-6XL,£19.99,4.2 out of 5 stars,942
100,shirts,2,Enlision,Mens Casual Cotton Linen Shirt Long Sleeve Button Down Summer Lightweight Henley Shirt Tops,£20.53,4.4 out of 5 stars,512
101,shirts,2,iCKER,"Hawaiian Shirt Beach Shirt Mens Short Sleeve Shirt Floral Classic Shirt Print Casual Regular Fit, Dark Blue, XL",£20.99,3.3 out of 5 stars,5
102,shirts,2,VATPAVE,Mens 100% Cotton Hawaiian Shirts Button Down Short Sleeve Beach Shirts Summer Casual Aloha Shirts,£21.99,4.2 out of 5 stars,"2,792"
103,shirts,2,Meilicloth,"Men's Short Sleeve Shirts Summer Striped Casual Shirt Button Down Regular Fit Tops, Top for Long Lasting Comfort",£23.99,4.0 out of 5 stars,208
104,shirts,2,COOFANDY,Men's Casual Cotton Long Sleeve Dress Shirt Plaid Collar Button Down Shirt,£25.58,3.4 out of 5 stars,45
105,shirts,2,PARKLEES,Men's Long Sleeve Dress Shirt Solid Slim Fit Casual Business Formal Button Up Shirts with Pocket,£26.95,4.2 out of 5 stars,"1,772"
107,shirts,2,FULL TIME SPORTS,"2 Packs Mens Short Sleeve Polo Shirts, Comfortable Casual Golf & Tennis Tops",£31.99,4.1 out of 5 stars,305
109,shirts,3,J.VER,Men's Dress Shirts Long Sleeve Business Regular Fit Wedding Work Non Iron Shirt S-6XL,£16.79,4.3 out of 5 stars,"4,999"
110,shirts,3,iCKER,Hawaiian Shirt Beach Shirt Mens Short Sleeve Shirt Floral Classic Shirt Print Casual Regular Fit,£19.99,4.3 out of 5 stars,610
111,shirts,3,Allthemen,Mens Casual Printed Shirts Summer Long Sleeve Linen Shirt Funky Floral Hawaiian Shirt XS-5XL,£19.99,4.2 out of 5 stars,"1,770"
112,shirts,3,J.VER,Men's Long Sleeve Stretch Dress Shirt Non Iron Business Casual Button Down Shirts S-6XL,£19.99,4.2 out of 5 stars,942
113,shirts,3,Enlision,Mens Casual Cotton Linen Shirt Long Sleeve Button Down Summer Lightweight Henley Shirt Tops,£20.53,4.4 out of 5 stars,512
114,shirts,3,iCKER,"Hawaiian Shirt Beach Shirt Mens Short Sleeve Shirt Floral Classic Shirt Print Casual Regular Fit, Dark Blue, XL",£20.99,3.3 out of 5 stars,5
115,shirts,3,VATPAVE,Mens 100% Cotton Hawaiian Shirts Button Down Short Sleeve Beach Shirts Summer Casual Aloha Shirts,£21.99,4.2 out of 5 stars,"2,792"
116,shirts,3,Zoaun,Men's Collarless Long Sleeves Smart Casual Formal Classic Summer Shirt Affordable & Comfortable Easy to Iron Best for Wedding & Evening Party Shirt,£22.95,3.8 out of 5 stars,7
117,shirts,3,Meilicloth,"Men's Short Sleeve Shirts Summer Striped Casual Shirt Button Down Regular Fit Tops, Top for Long Lasting Comfort",£23.99,4.0 out of 5 stars,208
118,shirts,3,COOFANDY,Men's Casual Cotton Long Sleeve Dress Shirt Plaid Collar Button Down Shirt,£25.58,3.4 out of 5 stars,45
119,shirts,3,FULL TIME SPORTS,"2 Packs Mens Short Sleeve Polo Shirts, Comfortable Casual Golf & Tennis Tops",£31.99,4.1 out of 5 stars,305
121,shirts,4,J.VER,Men's Dress Shirts Long Sleeve Business Regular Fit Wedding Work Non Iron Shirt S-6XL,£16.79,4.3 out of 5 stars,"4,999"
122,shirts,4,iCKER,Hawaiian Shirt Beach Shirt Mens Short Sleeve Shirt Floral Classic Shirt Print Casual Regular Fit,£19.99,4.3 out of 5 stars,610
123,shirts,4,Allthemen,Mens Casual Printed Shirts Summer Long Sleeve Linen Shirt Funky Floral Hawaiian Shirt XS-5XL,£19.99,4.2 out of 5 stars,"1,770"
124,shirts,4,J.VER,Men's Long Sleeve Stretch Dress Shirt Non Iron Business Casual Button Down Shirts S-6XL,£19.99,4.2 out of 5 stars,942
125,shirts,4,Enlision,Mens Casual Cotton Linen Shirt Long Sleeve Button Down Summer Lightweight Henley Shirt Tops,£20.53,4.4 out of 5 stars,512
126,shirts,4,iCKER,"Hawaiian Shirt Beach Shirt Mens Short Sleeve Shirt Floral Classic Shirt Print Casual Regular Fit, Dark Blue, XL",£20.99,3.3 out of 5 stars,5
127,shirts,4,VATPAVE,Mens 100% Cotton Hawaiian Shirts Button Down Short Sleeve Beach Shirts Summer Casual Aloha Shirts,£21.99,4.2 out of 5 stars,"2,792"
128,shirts,4,Zoaun,Men's Collarless Long Sleeves Smart Casual Formal Classic Summer Shirt Affordable & Comfortable Easy to Iron Best for Wedding & Evening Party Shirt,£22.95,3.8 out of 5 stars,7
129,shirts,4,Meilicloth,"Men's Short Sleeve Shirts Summer Striped Casual Shirt Button Down Regular Fit Tops, Top for Long Lasting Comfort",£23.99,4.0 out of 5 stars,208
130,shirts,4,COOFANDY,Men's Casual Cotton Long Sleeve Dress Shirt Plaid Collar Button Down Shirt,£25.58,3.4 out of 5 stars,45
131,shirts,4,FULL TIME SPORTS,"2 Packs Mens Short Sleeve Polo Shirts, Comfortable Casual Golf & Tennis Tops",£31.99,4.1 out of 5 stars,305
133,shirts,5,J.VER,Men's Dress Shirts Long Sleeve Business Regular Fit Wedding Work Non Iron Shirt S-6XL,£16.79,4.3 out of 5 stars,"4,999"
134,shirts,5,iCKER,Hawaiian Shirt Beach Shirt Mens Short Sleeve Shirt Floral Classic Shirt Print Casual Regular Fit,£19.99,4.3 out of 5 stars,610
135,shirts,5,Allthemen,Mens Casual Printed Shirts Summer Long Sleeve Linen Shirt Funky Floral Hawaiian Shirt XS-5XL,£19.99,4.2 out of 5 stars,"1,770"
136,shirts,5,J.VER,Men's Long Sleeve Stretch Dress Shirt Non Iron Business Casual Button Down Shirts S-6XL,£19.99,4.2 out of 5 stars,942
137,shirts,5,Enlision,Mens Casual Cotton Linen Shirt Long Sleeve Button Down Summer Lightweight Henley Shirt Tops,£20.53,4.4 out of 5 stars,512
138,shirts,5,iCKER,"Hawaiian Shirt Beach Shirt Mens Short Sleeve Shirt Floral Classic Shirt Print Casual Regular Fit, Dark Blue, XL",£20.99,3.3 out of 5 stars,5
139,shirts,5,VATPAVE,Mens 100% Cotton Hawaiian Shirts Button Down Short Sleeve Beach Shirts Summer Casual Aloha Shirts,£21.99,4.2 out of 5 stars,"2,792"
140,shirts,5,Zoaun,Men's Collarless Long Sleeves Smart Casual Formal Classic Summer Shirt Affordable & Comfortable Easy to Iron Best for Wedding & Evening Party Shirt,£22.95,3.8 out of 5 stars,7
141,shirts,5,COOFANDY,Men's Casual Cotton Long Sleeve Dress Shirt Plaid Collar Button Down Shirt,£25.58,3.4 out of 5 stars,45
142,shirts,5,COOFANDY,Men's Hawaiian Floral Shirts Cotton Linen Button Down Tropical Holiday Beach Shirts,£25.99,3.9 out of 5 stars,142
143,shirts,5,FULL TIME SPORTS,"2 Packs Mens Short Sleeve Polo Shirts, Comfortable Casual Golf & Tennis Tops",£31.99,4.1 out of 5 stars,305
145,shirts,6,J.VER,Men's Dress Shirts Long Sleeve Business Regular Fit Wedding Work Non Iron Shirt S-6XL,£16.79,4.3 out of 5 stars,"4,999"
146,shirts,6,Allthemen,Mens Casual Printed Shirts Summer Long Sleeve Linen Shirt Funky Floral Hawaiian Shirt XS-5XL,£19.99,4.2 out of 5 stars,"1,770"
147,shirts,6,Enlision,Mens Casual Cotton Linen Shirt Long Sleeve Button Down Summer Lightweight Henley Shirt Tops,£20.53,4.4 out of 5 stars,512
148,shirts,6,iCKER,Hawaiian Shirt Beach Shirt Mens Short Sleeve Shirt Floral Classic Shirt Print Casual Regular Fit,£20.99,4.3 out of 5 stars,610
149,shirts,6,J.VER,Men's Long Sleeve Stretch Dress Shirt Non Iron Business Casual Button Down Shirts S-6XL,£20.99,4.2 out of 5 stars,942
150,shirts,6,iCKER,"Hawaiian Shirt Beach Shirt Mens Short Sleeve Shirt Floral Classic Shirt Print Casual Regular Fit, Dark Blue, XL",£20.99,3.3 out of 5 stars,5
151,shirts,6,VATPAVE,Mens 100% Cotton Hawaiian Shirts Button Down Short Sleeve Beach Shirts Summer Casual Aloha Shirts,£21.99,4.2 out of 5 stars,"2,792"
152,shirts,6,Zoaun,Men's Collarless Long Sleeves Smart Casual Formal Classic Summer Shirt Affordable & Comfortable Easy to Iron Best for Wedding & Evening Party Shirt,£22.95,3.8 out of 5 stars,7
153,shirts,6,COOFANDY,Men's Casual Cotton Long Sleeve Dress Shirt Plaid Collar Button Down Shirt,£25.58,3.4 out of 5 stars,45
154,shirts,6,COOFANDY,Men's Hawaiian Floral Shirts Cotton Linen Button Down Tropical Holiday Beach Shirts,£26.99,3.9 out of 5 stars,142
155,shirts,6,FULL TIME SPORTS,"2 Packs Mens Short Sleeve Polo Shirts, Comfortable Casual Golf & Tennis Tops",£31.99,4.1 out of 5 stars,305
157,shirts,7,J.VER,Men's Dress Shirts Long Sleeve Business Regular Fit Wedding Work Non Iron Shirt S-6XL,£16.79,4.3 out of 5 stars,"4,999"
158,shirts,7,KUYIGO,Men's Casual Cotton Linen Fake Long Sleeve Henley Shirt Banded Collar Beach Tops,£18.98,4.2 out of 5 stars,5
159,shirts,7,Allthemen,Mens Casual Printed Shirts Summer Long Sleeve Linen Shirt Funky Floral Hawaiian Shirt XS-5XL,£19.99,4.2 out of 5 stars,"1,770"
160,shirts,7,Enlision,Mens Casual Cotton Linen Shirt Long Sleeve Button Down Summer Lightweight Henley Shirt Tops,£20.53,4.4 out of 5 stars,512
161,shirts,7,iCKER,Hawaiian Shirt Beach Shirt Mens Short Sleeve Shirt Floral Classic Shirt Print Casual Regular Fit,£20.99,4.3 out of 5 stars,610
162,shirts,7,J.VER,Men's Long Sleeve Stretch Dress Shirt Non Iron Business Casual Button Down Shirts S-6XL,£20.99,4.2 out of 5 stars,942
163,shirts,7,iCKER,"Hawaiian Shirt Beach Shirt Mens Short Sleeve Shirt Floral Classic Shirt Print Casual Regular Fit, Dark Blue, XL",£20.99,3.3 out of 5 stars,5
164,shirts,7,MANLUODANNI,Men's Hawaiian Shirts and Shorts Set Casual Button Down Short Sleeve Flower Shirt Suits,£23.59,3.9 out of 5 stars,103
165,shirts,7,Jolicloth,Men's Regular-Fit Long Sleeve Shirt Cotton Smart Casual Button Down Oxford Shirts,£23.99,4.2 out of 5 stars,14
166,shirts,7,COOFANDY,Men's Casual Cotton Long Sleeve Dress Shirt Plaid Collar Button Down Shirt,£25.58,3.4 out of 5 stars,45
167,shirts,7,FULL TIME SPORTS,"2 Packs Mens Short Sleeve Polo Shirts, Comfortable Casual Golf & Tennis Tops",£31.99,4.1 out of 5 stars,305
168,hats,1,YAMEE,Men Hats Docker Cap Hats Skullcap Beanie Worker Sailor Cap Brimless Cap Rolled Cuff Retro Fashion Brimless Hat with Adjustable,£8.98,4.1 out of 5 stars,665
169,hats,1,Attikee,Beanie Hat for Men Women Fashion Winter Hats Comfortable Elastic Sluoch Beanie Cap for Men Women Teens,£8.99,4.3 out of 5 stars,49
170,hats,1,Eono,Amazon Brand - Eono Beanies Hat for Men Women Unisex Winter Cuffed Plain Hat Soft Warm Knitted Beanies Cap,£9.49,4.4 out of 5 stars,"4,032"
171,hats,1,Chalier,Mens Hats Slouch Beanie Hat Knitted Baggy Skull Cap Black Beanies Hats for Mens Gifts(one Size),£9.99,4.4 out of 5 stars,"1,389"
172,hats,1,WEITOO,"Unisex 4 LED Lighted Beanie Cap, USB Rechargeable Running Hat Super Bright Hands Free Headlight Torch Hat, LED Hat for Running Hiking,Gifts for Men Women Dad",£9.99,4.7 out of 5 stars,"4,391"
173,hats,1,Chalier,2 Pack Mens Hats Slouch Beanie Hat Knitted Baggy Skull Cap Black Beanies Hats for Mens Gifts,£11.09,4.6 out of 5 stars,"3,681"
174,hats,1,accsa,Beanie Hat for Men Winter Knitted Reflective Hat Warm Soft Chunky Ribbed Beanie Turn Up for High Visibility at Night,£12.99,4.4 out of 5 stars,81
175,hats,1,MengH-SHOP,Bomber Hats Hunting Hat Winter Ear Flap Cap Trapper with Face Cover & Goggles for Skating Skiing Outdoor Activities Unisex,£12.99,4.4 out of 5 stars,41
176,hats,1,Wmcaps,"Knit Beanie for Men, Stretchy Soft Warm Daily Cuffed Winter Hats, Unisex Comfortable Wooly Beanie Gifts for Men/Him/Dad",£12.99,4.5 out of 5 stars,925
178,hats,1,HIKARO,"Amazon Brand - Hikaro Mens Cotton Army Cap, Military Combat Cap, Classic Baseball Cap-Adjustable",£13.99,4.4 out of 5 stars,246
179,hats,1,Chalier,2 Pack Mens Hats Slouch Beanie Hat Knitted Baggy Skull Cap Black Beanies Hats for Mens Gifts(one Size),£13.99,4.3 out of 5 stars,745
182,hats,2,Chalier,Mens Hats Slouch Beanie Hat Knitted Baggy Skull Cap Black Beanies Hats for Mens Gifts(one Size),£9.99,4.4 out of 5 stars,"1,389"
183,hats,2,HEAT HOLDERS,Womens Thermal Fleece Lined Cable Knit Winter Beanie Hat 3.4 tog,£11.49,4.4 out of 5 stars,86
184,hats,2,VOLGANIK ROCK,Winter Hat and Scarf Set for Men and Women Fashion Warm Beanie Hat and Scarf Fashion Warm Winter Hats One Size,£12.99,4.3 out of 5 stars,37
186,hats,2,Chalier,2 Pack Mens Hats Slouch Beanie Hat Knitted Baggy Skull Cap Black Beanies Hats for Mens Gifts(one Size),£13.99,4.3 out of 5 stars,745
187,hats,2,LightHouse,"Womens Storm Waterproof Bucket Rain Hat, Ladies Lined Wide Brimmed Outdoor Headwear",£14.99,4.5 out of 5 stars,714
189,hats,2,Fancet,Womens Wool Blend Knit Visor Beanie Cloche Hat Baker Boy Hat Newsboy Cabbie Peaked Beret Warm Lined Winter Hats 55-59CM,£19.99,4.3 out of 5 stars,370
191,hats,2,WEASIC,"Hats Ear Muffs Scarfs Gloves Slippers for Women, Friendship Christmas Gifts for Women Slippers Socks Hat Scarf and Thermal Gloves Set for Women",£25.99,4.5 out of 5 stars,24
192,hats,3,YAMEE,Men Hats Docker Cap Hats Skullcap Beanie Worker Sailor Cap Brimless Cap Rolled Cuff Retro Fashion Brimless Hat with Adjustable,£8.98,4.1 out of 5 stars,665
193,hats,3,WEITOO,"Unisex 4 LED Lighted Beanie Cap, USB Rechargeable Running Hat Super Bright Hands Free Headlight Torch Hat, LED Hat for Running Hiking,Gifts for Men Women Dad",£9.99,4.7 out of 5 stars,"4,391"
194,hats,3,Chalier,Mens Hats Slouch Beanie Hat Knitted Baggy Skull Cap Black Beanies Hats for Mens Gifts(one Size),£9.99,4.4 out of 5 stars,"1,389"
195,hats,3,Chalier,2 Pack Mens Hats Slouch Beanie Hat Knitted Baggy Skull Cap Black Beanies Hats for Mens Gifts,£11.09,4.6 out of 5 stars,"3,681"
196,hats,3,MengH-SHOP,Bomber Hats Hunting Hat Winter Ear Flap Cap Trapper with Face Cover & Goggles for Skating Skiing Outdoor Activities Unisex,£12.99,4.4 out of 5 stars,41
197,hats,3,Wmcaps,"Knit Beanie for Men, Stretchy Soft Warm Daily Cuffed Winter Hats, Unisex Comfortable Wooly Beanie Gifts for Men/Him/Dad",£12.99,4.5 out of 5 stars,925
199,hats,3,Chalier,2 Pack Mens Hats Slouch Beanie Hat Knitted Baggy Skull Cap Black Beanies Hats for Mens Gifts(one Size),£13.99,4.3 out of 5 stars,745
200,hats,3,FocusCare,"Verstellbare Schlafmütze, Satin gefüttertes extra großes Frauen-Lockenhaar Tag und Nacht erhältlich",£13.99,4.3 out of 5 stars,"5,160"
202,hats,3,Beanumerous,"Novelty Gamer Socks Beanie Hat,Funny Gifts Idea for Teens Boys Men Teenagers Him Black",£15.99,4.2 out of 5 stars,10
203,hats,3,ANECO,Womens Winter Warm Sets Knitted Fur Pompoms Beanie Hat Circle Loop Scarf Touch Screen Gloves Winter Favor Accessories,£17.99,4.4 out of 5 stars,172
204,hats,4,YAMEE,Men Hats Docker Cap Hats Skullcap Beanie Worker Sailor Cap Brimless Cap Rolled Cuff Retro Fashion Brimless Hat with Adjustable,£8.98,4.1 out of 5 stars,665
205,hats,4,WEITOO,"Unisex 4 LED Lighted Beanie Cap, USB Rechargeable Running Hat Super Bright Hands Free Headlight Torch Hat, LED Hat for Running Hiking,Gifts for Men Women Dad",£9.99,4.7 out of 5 stars,"4,391"
206,hats,4,Chalier,Mens Hats Slouch Beanie Hat Knitted Baggy Skull Cap Black Beanies Hats for Mens Gifts(one Size),£9.99,4.4 out of 5 stars,"1,389"
207,hats,4,Chalier,2 Pack Mens Hats Slouch Beanie Hat Knitted Baggy Skull Cap Black Beanies Hats for Mens Gifts,£11.09,4.6 out of 5 stars,"3,681"
208,hats,4,MengH-SHOP,Bomber Hats Hunting Hat Winter Ear Flap Cap Trapper with Face Cover & Goggles for Skating Skiing Outdoor Activities Unisex,£12.99,4.4 out of 5 stars,41
209,hats,4,Wmcaps,"Knit Beanie for Men, Stretchy Soft Warm Daily Cuffed Winter Hats, Unisex Comfortable Wooly Beanie Gifts for Men/Him/Dad",£12.99,4.5 out of 5 stars,925
211,hats,4,Chalier,2 Pack Mens Hats Slouch Beanie Hat Knitted Baggy Skull Cap Black Beanies Hats for Mens Gifts(one Size),£13.99,4.3 out of 5 stars,745
212,hats,4,FocusCare,"Verstellbare Schlafmütze, Satin gefüttertes extra großes Frauen-Lockenhaar Tag und Nacht erhältlich",£13.99,4.3 out of 5 stars,"5,160"
214,hats,4,ANECO,Womens Winter Warm Sets Knitted Fur Pompoms Beanie Hat Circle Loop Scarf Touch Screen Gloves Winter Favor Accessories,£17.99,4.4 out of 5 stars,172
215,hats,4,Ruth&Boaz,Unisex Stone Washed 100% Cotton Bucket Hat Travel Hat,£19.90,4.6 out of 5 stars,75
216,hats,5,YAMEE,Men Hats Docker Cap Hats Skullcap Beanie Worker Sailor Cap Brimless Cap Rolled Cuff Retro Fashion Brimless Hat with Adjustable,£8.98,4.1 out of 5 stars,665
217,hats,5,Chalier,Mens Hats Slouch Beanie Hat Knitted Baggy Skull Cap Black Beanies Hats for Mens Gifts(one Size),£9.99,4.4 out of 5 stars,"1,389"
218,hats,5,WEITOO,"Unisex 4 LED Lighted Beanie Cap, USB Rechargeable Running Hat Super Bright Hands Free Headlight Torch Hat, LED Hat for Running Hiking,Gifts for Men Women Dad",£9.99,4.7 out of 5 stars,"4,391"
219,hats,5,Chalier,2 Pack Mens Hats Slouch Beanie Hat Knitted Baggy Skull Cap Black Beanies Hats for Mens Gifts,£11.09,4.6 out of 5 stars,"3,681"
220,hats,5,MengH-SHOP,Bomber Hats Hunting Hat Winter Ear Flap Cap Trapper with Face Cover & Goggles for Skating Skiing Outdoor Activities Unisex,£12.99,4.4 out of 5 stars,41
221,hats,5,Wmcaps,"Knit Beanie for Men, Stretchy Soft Warm Daily Cuffed Winter Hats, Unisex Comfortable Wooly Beanie Gifts for Men/Him/Dad",£12.99,4.5 out of 5 stars,925
223,hats,5,Chalier,2 Pack Mens Hats Slouch Beanie Hat Knitted Baggy Skull Cap Black Beanies Hats for Mens Gifts(one Size),£13.99,4.3 out of 5 stars,745
224,hats,5,FocusCare,"Verstellbare Schlafmütze, Satin gefüttertes extra großes Frauen-Lockenhaar Tag und Nacht erhältlich",£13.99,4.3 out of 5 stars,"5,160"
225,hats,5,LightHouse,"Womens Storm Waterproof Bucket Rain Hat, Ladies Lined Wide Brimmed Outdoor Headwear",£14.99,4.5 out of 5 stars,714
226,hats,5,ANECO,Womens Winter Warm Sets Knitted Fur Pompoms Beanie Hat Circle Loop Scarf Touch Screen Gloves Winter Favor Accessories,£17.99,4.4 out of 5 stars,172
227,hats,5,Ruth&Boaz,Unisex Stone Washed 100% Cotton Bucket Hat Travel Hat,£19.90,4.6 out of 5 stars,75
228,hats,6,YAMEE,Men Hats Docker Cap Hats Skullcap Beanie Worker Sailor Cap Brimless Cap Rolled Cuff Retro Fashion Brimless Hat with Adjustable,£8.98,4.1 out of 5 stars,665
229,hats,6,WEITOO,"Unisex 4 LED Lighted Beanie Cap, USB Rechargeable Running Hat Super Bright Hands Free Headlight Torch Hat, LED Hat for Running Hiking,Gifts for Men Women Dad",£9.99,4.7 out of 5 stars,"4,391"
230,hats,6,Chalier,Mens Hats Slouch Beanie Hat Knitted Baggy Skull Cap Black Beanies Hats for Mens Gifts(one Size),£9.99,4.4 out of 5 stars,"1,389"
231,hats,6,Chalier,2 Pack Mens Hats Slouch Beanie Hat Knitted Baggy Skull Cap Black Beanies Hats for Mens Gifts,£11.09,4.6 out of 5 stars,"3,681"
232,hats,6,EINSKEY,"Slouch Beanie Hat, 2 Packs Unisex Jersey Skull Cap Baggy Hat Fashion Headwear for Men & Women",£12.99,4.2 out of 5 stars,"13,600"
233,hats,6,Wmcaps,"Knit Beanie for Men, Stretchy Soft Warm Daily Cuffed Winter Hats, Unisex Comfortable Wooly Beanie Gifts for Men/Him/Dad",£12.99,4.5 out of 5 stars,925
235,hats,6,VECRY,Men's Slouch Beanie Skull Cap Long Baggy Hip-Hop Winter Summer Hat,£13.87,4.3 out of 5 stars,"5,015"
236,hats,6,FocusCare,"Verstellbare Schlafmütze, Satin gefüttertes extra großes Frauen-Lockenhaar Tag und Nacht erhältlich",£13.99,4.3 out of 5 stars,"5,160"
237,hats,6,ANECO,Womens Winter Warm Sets Knitted Fur Pompoms Beanie Hat Circle Loop Scarf Touch Screen Gloves Winter Favor Accessories,£17.99,4.4 out of 5 stars,172
238,hats,6,ANECO,Winter Warm Knitted Scarf Beanie Hat and Gloves Set Men & Women's Soft Stretch Hat Scarf and Mitten Set,£17.99,4.5 out of 5 stars,560
239,hats,6,H,3Pcs Girls Hat Scarf Gloves Set Age 3-8 Scarf Gloves Set Girls Winter Toddler with Warm Fleece Lining Pompoms Beanie Cap and Loop Scarf…,£17.99,4.3 out of 5 stars,67
240,hats,7,YAMEE,Men Hats Docker Cap Hats Skullcap Beanie Worker Sailor Cap Brimless Cap Rolled Cuff Retro Fashion Brimless Hat with Adjustable,£8.98,4.1 out of 5 stars,665
241,hats,7,Chalier,Mens Hats Slouch Beanie Hat Knitted Baggy Skull Cap Black Beanies Hats for Mens Gifts(one Size),£9.99,4.4 out of 5 stars,"1,389"
242,hats,7,WEITOO,"Unisex 4 LED Lighted Beanie Cap, USB Rechargeable Running Hat Super Bright Hands Free Headlight Torch Hat, LED Hat for Running Hiking,Gifts for Men Women Dad",£9.99,4.7 out of 5 stars,"4,391"
243,hats,7,Chalier,2 Pack Mens Hats Slouch Beanie Hat Knitted Baggy Skull Cap Black Beanies Hats for Mens Gifts,£11.09,4.6 out of 5 stars,"3,681"
244,hats,7,Wmcaps,"Knit Beanie for Men, Stretchy Soft Warm Daily Cuffed Winter Hats, Unisex Comfortable Wooly Beanie Gifts for Men/Him/Dad",£12.99,4.5 out of 5 stars,925
245,hats,7,MengH-SHOP,Bomber Hats Hunting Hat Winter Ear Flap Cap Trapper with Face Cover & Goggles for Skating Skiing Outdoor Activities Unisex,£12.99,4.4 out of 5 stars,41
247,hats,7,Chalier,2 Pack Mens Hats Slouch Beanie Hat Knitted Baggy Skull Cap Black Beanies Hats for Mens Gifts(one Size),£13.99,4.3 out of 5 stars,745
248,hats,7,FocusCare,"Verstellbare Schlafmütze, Satin gefüttertes extra großes Frauen-Lockenhaar Tag und Nacht erhältlich",£13.99,4.3 out of 5 stars,"5,160"
249,hats,7,Beanumerous,"Novelty Gamer Socks Beanie Hat,Funny Gifts Idea for Teens Boys Men Teenagers Him Black",£15.99,4.2 out of 5 stars,10
250,hats,7,ANECO,Womens Winter Warm Sets Knitted Fur Pompoms Beanie Hat Circle Loop Scarf Touch Screen Gloves Winter Favor Accessories,£17.99,4.4 out of 5 stars,172
251,hats,7,Ruth&Boaz,Unisex Stone Washed 100% Cotton Bucket Hat Travel Hat,£19.90,4.6 out of 5 stars,75
252,wallets,1,ODS:UK,Mens RFID Blocking Safe Soft Leather Tri Fold Wallet Card Slots Id Window and Coin Pocket (Carbon Black),£5.95,4.5 out of 5 stars,"3,731"
253,wallets,1,Hudson & James,Designer Hudson & James London Real Leather Mens Wallet Credit Carder Holder Bifold Purse with Gift Box (Jet Black),£6.95,4.5 out of 5 stars,866
254,wallets,1,RAS WALLETS,Mens Genuine Leather RFID Blocking Purse with 3 ID Window Pockets and Coin Pouch 335 (Black),£7.95,4.5 out of 5 stars,681
255,wallets,1,Eono,Amazon Brand - Eono Small Leather Wallets with RFID- 2 Note Compartment Ultra Slim Wallet for Men & Women,£7.99,4.4 out of 5 stars,"3,103"
256,wallets,1,ODS:UK,Mens RFID Blocking Soft Leather Trifold Purse Credit Card Holder Id Window and Coin Pouch,£8.95,4.2 out of 5 stars,"1,071"
257,wallets,1,J. Wilson London,Mens Bifold Coin Leather Wallet Tan,£8.95,4.0 out of 5 stars,1
258,wallets,1,Eono,Amazon Brand - Eono RFID Leather Wallets-Slim Purse with Zipper Coin Pocket for Men,£14.99,4.6 out of 5 stars,"1,149"
259,wallets,1,Hudson & James,Personalised Black Engraved Genuine Real Soft Leather Mens Wallet with Coin Pocket Pouch Gift (Black_),£14.99,4.7 out of 5 stars,205
260,wallets,1,RealPlus,"Carbon Fiber Wallet, RealPlus RFID Blocking Card Holder for Men, Minimalist Money Clip-Gifts for Fathers, Boyfriends",£15.99,4.3 out of 5 stars,"1,921"
261,wallets,1,MOIRENTO,Mens Black Wallet Real Leather Trifold Bifold RFID Blocking Genuine Wallet with Coin Pocket Popper Fastening Anti Scan/Fraud Proof Window ID Holder with Contact Less Card Protection UK (LZ502-Blk),£16.96,4.5 out of 5 stars,73
262,wallets,1,BLACKSTEELE,Genuine Leather Wallets for Men - RFID Bifold Money Clip Bifold Front Pocket Thin Minimalist Mens Wallet Credit Card Holder,£22.99,4.5 out of 5 stars,444
263,wallets,1,HOCRES,"Wallets for Mens Muti-Functional RFID Blocking Leather Slim Wallet with 15 Credit Card Holders, 2 Banknote Compartments & 2 ID Window Minimalist Wallets Men with Gift Box",£23.79,4.4 out of 5 stars,"1,384"
264,wallets,2,ODS:UK,Mens RFID Blocking Safe Soft Leather Tri Fold Wallet Card Slots Id Window and Coin Pocket (Carbon Black),£5.95,4.5 out of 5 stars,"3,731"
265,wallets,2,Hudson & James,Designer Hudson & James London Real Leather Mens Wallet Credit Carder Holder Bifold Purse with Gift Box (Jet Black),£6.95,4.5 out of 5 stars,866
266,wallets,2,RAS WALLETS,Mens Genuine Leather RFID Blocking Purse with 3 ID Window Pockets and Coin Pouch 335 (Black),£7.95,4.5 out of 5 stars,681
267,wallets,2,ODS:UK,Mens RFID Blocking Soft Leather Trifold Purse Credit Card Holder Id Window and Coin Pouch,£8.95,4.2 out of 5 stars,"1,071"
268,wallets,2,J. Wilson London,Mens Bifold Coin Leather Wallet Tan,£8.95,4.0 out of 5 stars,1
269,wallets,2,Gryphen,Men's RFID Blocking Genuine Leather Wallet (Black/Tan),£13.95,4.6 out of 5 stars,166
270,wallets,2,Hudson & James,Personalised Black Engraved Genuine Real Soft Leather Mens Wallet with Coin Pocket Pouch Gift (Black_),£14.99,4.7 out of 5 stars,205
271,wallets,2,RealPlus,"Carbon Fiber Wallet, RealPlus RFID Blocking Card Holder for Men, Minimalist Money Clip-Gifts for Fathers, Boyfriends",£15.99,4.3 out of 5 stars,"1,921"
272,wallets,2,SENDEFN,Men's Wallets Genuine Leather RFID Blocking Slim Trifold Wallets with Credit Cards and ID Windows & Coin Pocket,£19.99,4.4 out of 5 stars,184
273,wallets,2,BLACKSTEELE,Genuine Leather Wallets for Men - RFID Bifold Money Clip Bifold Front Pocket Thin Minimalist Mens Wallet Credit Card Holder,£22.99,4.5 out of 5 stars,444
274,wallets,2,SENDEFN,Men's Wallets Multifunctional RFID Blocking Leather Wallet Credit Card Trifold Compact Wallets for Men with ID Window & Coin Pocket,£24.99,4.2 out of 5 stars,292
275,wallets,2,Bellroy,"Flip Case – (Card Case, Hardshell Wallet) - Toffee",£59.00,3.8 out of 5 stars,307
276,wallets,3,ODS:UK,Mens RFID Blocking Safe Soft Leather Tri Fold Wallet Card Slots Id Window and Coin Pocket (Carbon Black),£5.95,4.5 out of 5 stars,"3,731"
277,wallets,3,Hudson & James,Designer Hudson & James London Real Leather Mens Wallet Credit Carder Holder Bifold Purse with Gift Box (Jet Black),£6.95,4.5 out of 5 stars,866
278,wallets,3,RAS WALLETS,Mens Genuine Leather RFID Blocking Purse with 3 ID Window Pockets and Coin Pouch 335 (Black),£7.95,4.5 out of 5 stars,681
279,wallets,3,Buono Pelle,MENS DESIGNER Zip Around GENUINE SOFT REAL LEATHER WALLET CREDIT CARD HOLDER PURSE,£7.95,4.3 out of 5 stars,238
280,wallets,3,ODS:UK,Mens RFID Blocking Soft Leather Trifold Purse Credit Card Holder Id Window and Coin Pouch,£8.95,4.2 out of 5 stars,"1,071"
281,wallets,3,J. Wilson London,Mens Bifold Coin Leather Wallet Tan,£8.95,4.0 out of 5 stars,1
282,wallets,3,Gryphen,Men's RFID Blocking Genuine Leather Wallet (Black/Tan),£13.95,4.6 out of 5 stars,166
283,wallets,3,Hudson & James,Personalised Black Engraved Genuine Real Soft Leather Mens Wallet with Coin Pocket Pouch Gift (Black_),£14.99,4.7 out of 5 stars,205
284,wallets,3,RealPlus,"Carbon Fiber Wallet, RealPlus RFID Blocking Card Holder for Men, Minimalist Money Clip-Gifts for Fathers, Boyfriends",£15.99,4.3 out of 5 stars,"1,921"
285,wallets,3,STARHIDE,Mens RFID Blocking Genuine Leather Twin ID Card and Coin Pocket Wallet 1213 (Black),£18.77,4.7 out of 5 stars,"1,059"
286,wallets,3,BLACKSTEELE,Genuine Leather Wallets for Men - RFID Bifold Money Clip Bifold Front Pocket Thin Minimalist Mens Wallet Credit Card Holder,£22.99,4.5 out of 5 stars,444
287,wallets,3,Bellroy,"Flip Case – (Card Case, Hardshell Wallet) - Toffee",£59.00,3.8 out of 5 stars,307
288,wallets,4,ODS:UK,Mens RFID Blocking Safe Soft Leather Tri Fold Wallet Card Slots Id Window and Coin Pocket (Carbon Black),£5.95,4.5 out of 5 stars,"3,731"
289,wallets,4,Hudson & James,Designer Hudson & James London Real Leather Mens Wallet Credit Carder Holder Bifold Purse with Gift Box (Jet Black),£6.95,4.5 out of 5 stars,866
290,wallets,4,RAS WALLETS,Mens Genuine Leather RFID Blocking Purse with 3 ID Window Pockets and Coin Pouch 335 (Black),£7.95,4.5 out of 5 stars,681
291,wallets,4,ODS:UK,Mens RFID Blocking Soft Leather Trifold Purse Credit Card Holder Id Window and Coin Pouch,£8.95,4.2 out of 5 stars,"1,071"
292,wallets,4,J. Wilson London,Mens Bifold Coin Leather Wallet Tan,£8.95,4.0 out of 5 stars,1
293,wallets,4,Gryphen,Men's RFID Blocking Genuine Leather Wallet (Black/Tan),£13.95,4.6 out of 5 stars,166
294,wallets,4,Hudson & James,Personalised Black Engraved Genuine Real Soft Leather Mens Wallet with Coin Pocket Pouch Gift (Black_),£14.99,4.7 out of 5 stars,205
295,wallets,4,RealPlus,"Carbon Fiber Wallet, RealPlus RFID Blocking Card Holder for Men, Minimalist Money Clip-Gifts for Fathers, Boyfriends",£15.99,4.3 out of 5 stars,"1,921"
296,wallets,4,STARHIDE,Mens RFID Blocking Genuine Leather Twin ID Card and Coin Pocket Wallet 1213 (Black),£18.77,4.7 out of 5 stars,"1,059"
297,wallets,4,SENDEFN,Men's Wallets Genuine Leather RFID Blocking Slim Trifold Wallets with Credit Cards and ID Windows & Coin Pocket,£19.99,4.4 out of 5 stars,184
298,wallets,4,BLACKSTEELE,Genuine Leather Wallets for Men - RFID Bifold Money Clip Bifold Front Pocket Thin Minimalist Mens Wallet Credit Card Holder,£22.99,4.5 out of 5 stars,444
299,wallets,4,Bellroy,"Flip Case – (Card Case, Hardshell Wallet) - Toffee",£59.00,3.8 out of 5 stars,307
300,wallets,5,ODS:UK,Mens RFID Blocking Safe Soft Leather Tri Fold Wallet Card Slots Id Window and Coin Pocket (Carbon Black),£5.95,4.5 out of 5 stars,"3,731"
301,wallets,5,Hudson & James,Designer Hudson & James London Real Leather Mens Wallet Credit Carder Holder Bifold Purse with Gift Box (Jet Black),£6.95,4.5 out of 5 stars,866
302,wallets,5,RAS WALLETS,Mens Genuine Leather RFID Blocking Purse with 3 ID Window Pockets and Coin Pouch 335 (Black),£7.95,4.5 out of 5 stars,681
306,wallets,5,Gryphen,Men's RFID Blocking Genuine Leather Wallet (Tan / Teal),£14.95,4.6 out of 5 stars,166
307,wallets,5,RealPlus,"Carbon Fiber Wallet, RealPlus RFID Blocking Card Holder for Men, Minimalist Money Clip-Gifts for Fathers, Boyfriends",£15.99,4.3 out of 5 stars,"1,921"
308,wallets,5,MOIRENTO,"RFID Blocking RFID Wallet for Men, Mens Wallet with Coin Pocket Genuine Leather Wallet Large Big Credit Card Holder Trifold Wallets Anti Scan Wallet Fraud Proof Protection Grey Black Gift Box UK 3013",£15.99,4.5 out of 5 stars,218
309,wallets,5,PELLE TORO,"Handmade Super Slim Men's Wallet, Handmade with Napa Leather, RFID Blocking Wallet, 9 Card Slots & ID Window (Charcoal Black & Aqua Blue)",£22.99,4.5 out of 5 stars,"1,162"
310,wallets,5,BULL GUARD,Mens RFID Blocking Bifold Wallet Soft Genuine Leather Brown Western,£24.99,4.5 out of 5 stars,"15,159"
311,wallets,5,SENDEFN,Men's Wallets Multifunctional RFID Blocking Leather Wallet Credit Card Trifold Compact Wallets for Men with ID Window & Coin Pocket,£24.99,4.2 out of 5 stars,292
312,wallets,6,ODS:UK,Mens RFID Blocking Safe Soft Leather Tri Fold Wallet Card Slots Id Window and Coin Pocket (Carbon Black),£5.95,4.5 out of 5 stars,"3,731"
313,wallets,6,Hudson & James,Designer Hudson & James London Real Leather Mens Wallet Credit Carder Holder Bifold Purse with Gift Box (Jet Black),£6.95,4.5 out of 5 stars,866
314,wallets,6,RAS WALLETS,Mens Genuine Leather RFID Blocking Purse with 3 ID Window Pockets and Coin Pouch 335 (Black),£7.95,4.5 out of 5 stars,681
315,wallets,6,Buono Pelle,MENS DESIGNER Zip Around GENUINE SOFT REAL LEATHER WALLET CREDIT CARD HOLDER PURSE,£7.95,4.3 out of 5 stars,238
316,wallets,6,ODS:UK,Mens RFID Blocking Soft Leather Trifold Purse Credit Card Holder Id Window and Coin Pouch,£8.95,4.2 out of 5 stars,"1,071"
317,wallets,6,J. Wilson London,Mens Bifold Coin Leather Wallet Tan,£8.95,4.0 out of 5 stars,1
318,wallets,6,Gryphen,Men's RFID Blocking Genuine Leather Wallet (Black/Tan),£13.95,4.6 out of 5 stars,166
319,wallets,6,Hudson & James,Personalised Black Engraved Genuine Real Soft Leather Mens Wallet with Coin Pocket Pouch Gift (Black_),£14.99,4.7 out of 5 stars,205
320,wallets,6,RealPlus,"Carbon Fiber Wallet, RealPlus RFID Blocking Card Holder for Men, Minimalist Money Clip-Gifts for Fathers, Boyfriends",£15.99,4.3 out of 5 stars,"1,921"
321,wallets,6,STARHIDE,Mens RFID Blocking Genuine Leather Twin ID Card and Coin Pocket Wallet 1213 (Black),£18.77,4.7 out of 5 stars,"1,059"
322,wallets,6,BLACKSTEELE,Genuine Leather Wallets for Men - RFID Bifold Money Clip Bifold Front Pocket Thin Minimalist Mens Wallet Credit Card Holder,£22.99,4.5 out of 5 stars,444
323,wallets,6,Bellroy,"Flip Case – (Card Case, Hardshell Wallet) - Toffee",£59.00,3.8 out of 5 stars,307
324,wallets,7,ODS:UK,Mens RFID Blocking Safe Soft Leather Tri Fold Wallet Card Slots Id Window and Coin Pocket (Carbon Black),£5.95,4.5 out of 5 stars,"3,731"
325,wallets,7,Hudson & James,Designer Hudson & James London Real Leather Mens Wallet Credit Carder Holder Bifold Purse with Gift Box (Jet Black),£6.95,4.5 out of 5 stars,866
326,wallets,7,RAS WALLETS,Mens Genuine Leather RFID Blocking Purse with 3 ID Window Pockets and Coin Pouch 335 (Black),£7.95,4.5 out of 5 stars,681
327,wallets,7,Buono Pelle,MENS DESIGNER Zip Around GENUINE SOFT REAL LEATHER WALLET CREDIT CARD HOLDER PURSE,£7.95,4.3 out of 5 stars,238
328,wallets,7,ODS:UK,Mens RFID Blocking Soft Leather Trifold Purse Credit Card Holder Id Window and Coin Pouch,£8.95,4.2 out of 5 stars,"1,071"
329,wallets,7,J. Wilson London,Mens Bifold Coin Leather Wallet Tan,£8.95,4.0 out of 5 stars,1
330,wallets,7,Gryphen,Men's RFID Blocking Genuine Leather Wallet (Black/Tan),£13.95,4.6 out of 5 stars,166
331,wallets,7,Hudson & James,Personalised Black Engraved Genuine Real Soft Leather Mens Wallet with Coin Pocket Pouch Gift (Black_),£14.99,4.7 out of 5 stars,205
332,wallets,7,RealPlus,"Carbon Fiber Wallet, RealPlus RFID Blocking Card Holder for Men, Minimalist Money Clip-Gifts for Fathers, Boyfriends",£15.99,4.3 out of 5 stars,"1,921"
333,wallets,7,STARHIDE,Mens RFID Blocking Genuine Leather Twin ID Card and Coin Pocket Wallet 1213 (Black),£18.77,4.7 out of 5 stars,"1,059"
334,wallets,7,BLACKSTEELE,Genuine Leather Wallets for Men - RFID Bifold Money Clip Bifold Front Pocket Thin Minimalist Mens Wallet Credit Card Holder,£22.99,4.5 out of 5 stars,444
335,wallets,7,Bellroy,"Flip Case – (Card Case, Hardshell Wallet) - Toffee",£59.00,3.8 out of 5 stars,307
336,keyring,1,Belgovia,"Belgovia Key Tags with Labels and Split Rings - Pack of 10 Multi Coloured Sturdy & Durable Plastic Key Fobs Easy to Read, & Multipurpose, for Luggage, Pets & Office",£2.97,4.3 out of 5 stars,785
338,keyring,1,KeySmart,Compact Key Holder Add-on Accessory,£4.99,4.4 out of 5 stars,"3,834"
339,keyring,1,Bememo,"100 Pack Key Ring Round Hoop Small Metal Split Rings for Home Keys Organization and Craft Making, Silver",£5.99,4.5 out of 5 stars,"1,238"
340,keyring,1,Leen4You,Key Rings Metal Split Rings Flat Keyrings Keychain Ring Hoop for Car Home Keys -Pack of 20 (25mm),£5.99,4.5 out of 5 stars,231
341,keyring,1,CORTNEY,"CORTNEY 100 Pack Small Keyring Rings Hoops, 25mm /0.99 Inch Silver Round Metal Split Rings for Home Keys Organization and Craft Making",£6.99,4.5 out of 5 stars,5
342,keyring,1,ipekar,"120PCS Premium Swivel Lanyard Snap Hook with Key Rings, Metal Hooks Keychain Hooks for Lanyard Key Rings Crafting",£7.89,4.6 out of 5 stars,"3,755"
343,keyring,1,wisdompro,"Wisdompro Genuine Leather Car Keychain, Universal Key Fob Keychain Leather Key Chain Holder for Men and Women, 360 Degree Rotatable, with Anti-lost D-ring - Black(Silver keyclip)",£8.99,4.2 out of 5 stars,11
344,keyring,1,Generic,Keyring Key Rings Keyrings For House Car Keys Ring Women Kids Party Bags | Handmade Genuine Cow Leather Hanging Accessories Mto6690,£8.99,5.0 out of 5 stars,1
345,keyring,1,Generic,Keyring Key Rings Keyrings For House Car Keys Ring Women Kids Party Bags | Handmade Genuine Cow Leather Hanging Accessories MTO1428,£8.99,4.3 out of 5 stars,4
347,keyring,1,BiaoGan,"Retractable Keychain Keyring Heavy Duty - BiaoGan 2 Pack Metal Retractable Badge Holder Key Reel, 80cm Cord, Carabiner Key Chain Keychain with Belt Clip, Hold Up to 15 Keys and Tools",£12.99,4.4 out of 5 stars,16
348,keyring,2,Belgovia,"Belgovia Key Tags with Labels and Split Rings - Pack of 10 Multi Coloured Sturdy & Durable Plastic Key Fobs Easy to Read, & Multipurpose, for Luggage, Pets & Office",£2.97,4.3 out of 5 stars,785
349,keyring,2,KeySmart,Compact Key Holder Add-on Accessory,£4.99,4.4 out of 5 stars,"3,834"
350,keyring,2,Bememo,"100 Pack Key Ring Round Hoop Small Metal Split Rings for Home Keys Organization and Craft Making, Silver",£5.99,4.5 out of 5 stars,"1,238"
351,keyring,2,Leen4You,Key Rings Metal Split Rings Flat Keyrings Keychain Ring Hoop for Car Home Keys -Pack of 20 (25mm),£5.99,4.5 out of 5 stars,231
353,keyring,2,Generic,Keyring Key Rings Keyrings For House Car Keys Ring Women Kids Party Bags | Handmade Genuine Cow Leather Hanging Accessories MTO1428,£6.99,4.3 out of 5 stars,4
354,keyring,2,Generic,Keyring Key Rings Keyrings For House Car Keys Ring Women Kids Party Bags | Handmade Genuine Cow Leather Hanging Accessories MTO2187,£6.99,3.0 out of 5 stars,2
356,keyring,2,wisdompro,"Wisdompro Genuine Leather Car Keychain, Universal Key Fob Keychain Leather Key Chain Holder for Men and Women, 360 Degree Rotatable, with Anti-lost D-ring - Black(Silver keyclip)",£8.99,4.2 out of 5 stars,11
357,keyring,2,Generic,Keyring Key Rings Keyrings For House Car Keys Ring Women Kids Party Bags | Handmade Genuine Cow Leather Hanging Accessories Mto6690,£8.99,5.0 out of 5 stars,1
358,keyring,2,BiaoGan,"Retractable Keychain Keyring Heavy Duty - BiaoGan 2 Pack Metal Retractable Badge Holder Key Reel, 80cm Cord, Carabiner Key Chain Keychain with Belt Clip, Hold Up to 15 Keys and Tools",£12.99,4.4 out of 5 stars,16
359,keyring,2,Ruth&Boaz,Handmade Italian Vegetable Leather Belt Loop Keychain Keyring,£22.99,4.3 out of 5 stars,68
360,keyring,3,Belgovia,"Belgovia Key Tags with Labels and Split Rings - Pack of 10 Multi Coloured Sturdy & Durable Plastic Key Fobs Easy to Read, & Multipurpose, for Luggage, Pets & Office",£2.97,4.3 out of 5 stars,785
361,keyring,3,KeySmart,Compact Key Holder Add-on Accessory,£4.99,4.4 out of 5 stars,"3,834"
362,keyring,3,kuou,"50 Pcs Key Tags with Split Ring,10 Colors Plastic Key Fobs Labels ID Keyring Tags for Luggage, Keys, Pets and Memory Stick Tags",£4.99,4.3 out of 5 stars,18
363,keyring,3,Leen4You,Key Rings Metal Split Rings Flat Keyrings Keychain Ring Hoop for Car Home Keys -Pack of 20 (25mm),£5.99,4.5 out of 5 stars,231
364,keyring,3,Bememo,"100 Pack Key Ring Round Hoop Small Metal Split Rings for Home Keys Organization and Craft Making, Silver",£5.99,4.5 out of 5 stars,"1,238"
366,keyring,3,Generic,Keyring Key Rings Keyrings For House Car Keys Ring Women Kids Party Bags | Handmade Genuine Cow Leather Hanging Accessories MTO1428,£6.99,4.3 out of 5 stars,4
367,keyring,3,Generic,Keyring Key Rings Keyrings For House Car Keys Ring Women Kids Party Bags | Handmade Genuine Cow Leather Hanging Accessories MTO2187,£6.99,3.0 out of 5 stars,2
368,keyring,3,Generic,Keyring Key Rings Keyrings For House Car Keys Ring Women Kids Party Bags | Handmade Genuine Cow Leather Hanging Accessories Mto6690,£8.99,5.0 out of 5 stars,1
369,keyring,3,wisdompro,"Wisdompro Genuine Leather Car Keychain, Universal Key Fob Keychain Leather Key Chain Holder for Men and Women, 360 Degree Rotatable, with Anti-lost D-ring - Black(Silver keyclip)",£8.99,4.2 out of 5 stars,11
370,keyring,3,BiaoGan,"Retractable Keychain Keyring Heavy Duty - BiaoGan 2 Pack Metal Retractable Badge Holder Key Reel, 80cm Cord, Carabiner Key Chain Keychain with Belt Clip, Hold Up to 15 Keys and Tools",£12.99,4.4 out of 5 stars,16
371,keyring,3,Ruth&Boaz,Handmade Italian Vegetable Leather Belt Loop Keychain Keyring,£22.99,4.3 out of 5 stars,68
372,keyring,4,Belgovia,"Belgovia Key Tags with Labels and Split Rings - Pack of 10 Multi Coloured Sturdy & Durable Plastic Key Fobs Easy to Read, & Multipurpose, for Luggage, Pets & Office",£2.97,4.3 out of 5 stars,785
373,keyring,4,saizone,"Pack of 10 Keyring Rings Hoops with Swivel Lobster Clasps, Metal Key Ring Clips and Keyring Rings Key Chains Hooks with Split Rings for Handmade Accessories of Jewellery",£3.99,4.5 out of 5 stars,289
374,keyring,4,KeySmart,Compact Key Holder Add-on Accessory,£4.99,4.4 out of 5 stars,"3,834"
375,keyring,4,Leen4You,Key Rings Metal Split Rings Flat Keyrings Keychain Ring Hoop for Car Home Keys -Pack of 20 (25mm),£5.99,4.5 out of 5 stars,231
376,keyring,4,Bememo,"100 Pack Key Ring Round Hoop Small Metal Split Rings for Home Keys Organization and Craft Making, Silver",£5.99,4.5 out of 5 stars,"1,238"
378,keyring,4,Generic,Keyring Key Rings Keyrings For House Car Keys Ring Women Kids Party Bags | Handmade Genuine Cow Leather Hanging Accessories MTO1428,£6.99,4.3 out of 5 stars,4
464,khakis,1,LVCBL,Men's Summer Loose Casual Linen Shorts with Pockets Elasticated Waist,£18.99,3.8 out of 5 stars,41
465,khakis,1,Tim And Ted,I'm Sexy and I Mow It T Shirt,£19.99,5.0 out of 5 stars,2
466,khakis,1,JustSun,Mens Summers Cotton Casual Shorts Elastic Waist Pockets,£21.99,4.2 out of 5 stars,"4,829"
467,khakis,1,Putaowor,Men's Lightweight Cotton Full Elastic Waist Loose Fit Drawstring Workout Washed Cargo Shorts,£22.99,4.1 out of 5 stars,251
468,khakis,1,Putaowor,Mens Lightweight Elastic Waist Cargo Short Relaxed Fit Summer Short,£24.99,3.9 out of 5 stars,181
637,jacket,1,Minecraft,Minecraft Baseball Jacket - Minecraft Baseball Zipped Bomber Jacket - Minecraft Jacket for Kids - Minecraft Clothing,£19.99,4.4 out of 5 stars,9
638,jacket,1,Amazon Essentials,Men's Quarter-Zip Polar Fleece Jacket,£20.30,4.4 out of 5 stars,"8,190"
639,jacket,1,YOUTHUP,Mens Summer Bomber Jackets Casual Lightweight Windbreaker Sports Jacket Cargo Outwear,£28.99,4.1 out of 5 stars,"5,585"
640,jacket,1,Amazon Essentials,Men's Packable Lightweight Water-Resistant Puffer Jacket,£30.70,4.3 out of 5 stars,"19,401"
641,jacket,1,Amazon Essentials,Women's Lightweight Long-Sleeve Water-Resistant Puffer Jacket (Available in Plus Size),£31.30,4.3 out of 5 stars,"11,990"
642,jacket,1,TACVASEN,Men's Casual Lightweight Jacket Work Bomber Sports Jacket Thin Windbreaker,£32.98,4.3 out of 5 stars,811
643,jacket,1,EKLENTSON,Men's Military Fleece Jackets Zip Up Hoodies Windbreakers Warm Hiking Camping Hunting Tactical Winter Coats with 6 Zip Pockets,£39.98,4.3 out of 5 stars,"1,096"
644,jacket,1,KEFITEVD,Men Bomber Baseball Jackets Winter Military Jacket Windproof Warm Cargo Coats with 4 Pockets,£39.98,4.4 out of 5 stars,"2,004"
645,jacket,1,MAGCOMSEN,Men's Waterproof Tactical Jackets Winter Outdoor Hiking Softshell Jacket Fleece Lining,£45.98,4.4 out of 5 stars,"3,040"
646,jacket,1,EKLENTSON,Men's Casual Cotton Military Bomber Jacket Winter Outerwear Windbreaker Cargo Jacket Multi Pockets,£46.98,4.3 out of 5 stars,"1,372"
647,jacket,1,TACVASEN,Men's Waterproof Fleece Mountain Jacket Windproof Warm Ski Jacket Multi-Pockets,£53.98,4.4 out of 5 stars,"3,567"
648,jacket,1,TACVASEN,Men's Winter Cargo Hooded Jacket Warm Fleece Casual Work Jacket with Multi-Pockets,£63.99,4.2 out of 5 stars,97
649,jacket,2,Minecraft,Minecraft Baseball Jacket - Minecraft Baseball Zipped Bomber Jacket - Minecraft Jacket for Kids - Minecraft Clothing,£19.99,4.4 out of 5 stars,9
650,jacket,2,YOUTHUP,Mens Summer Bomber Jackets Casual Lightweight Windbreaker Sports Jacket Cargo Outwear,£28.99,4.1 out of 5 stars,"5,585"
651,jacket,2,TACVASEN,Men's Casual Lightweight Jacket Work Bomber Sports Jacket Thin Windbreaker,£32.98,4.3 out of 5 stars,811
652,jacket,2,MAGCOMSEN,Men's Lightweight Bomber Jackets Full Zip Casual Jackets Spring Thin Windbreaker Coat,£32.98,4.2 out of 5 stars,276
653,jacket,2,EKLENTSON,Men's Military Fleece Jackets Zip Up Hoodies Windbreakers Warm Hiking Camping Hunting Tactical Winter Coats with 6 Zip Pockets,£39.98,4.3 out of 5 stars,"1,096"
654,jacket,2,KEFITEVD,Men Bomber Baseball Jackets Winter Military Jacket Windproof Warm Cargo Coats with 4 Pockets,£39.98,4.4 out of 5 stars,"2,004"
655,jacket,2,MAGCOMSEN,Men's Waterproof Tactical Jackets Winter Outdoor Hiking Softshell Jacket Fleece Lining,£45.98,4.4 out of 5 stars,"3,040"
656,jacket,2,EKLENTSON,Men's Casual Cotton Military Bomber Jacket Winter Outerwear Windbreaker Cargo Jacket Multi Pockets,£46.98,4.3 out of 5 stars,"1,372"
657,jacket,2,TACVASEN,Men's Waterproof Fleece Mountain Jacket Windproof Warm Ski Jacket Multi-Pockets,£53.98,4.4 out of 5 stars,"3,567"
658,jacket,2,Mizuno,Men's Aero Jacket,£57.98,3.4 out of 5 stars,11
659,jacket,2,Pioneer Camp,Winter Ski Jackets for Men Padded Jacket 3m Thinsulate Jacket Light Weight & Warm & Windbreaker Parka Jacket Waterproof Winter Coat Hooded Outdoor Jacket,£59.99,4.1 out of 5 stars,6
660,jacket,2,TACVASEN,Men's Winter Cargo Hooded Jacket Warm Fleece Casual Work Jacket with Multi-Pockets,£63.99,4.2 out of 5 stars,97
661,jacket,3,YOUTHUP,Mens Summer Bomber Jackets Casual Lightweight Windbreaker Sports Jacket Cargo Outwear,£28.99,4.1 out of 5 stars,"5,585"
662,jacket,3,WenVen,Men's Casual Jacket Outdoor Lightweight Coat Windbreaker Cotton Jacket Stand Collar Jacket Military Summer Jacket,£29.99,4.1 out of 5 stars,243
663,jacket,3,TACVASEN,Men's Casual Lightweight Jacket Work Bomber Sports Jacket Thin Windbreaker,£32.98,4.3 out of 5 stars,811
664,jacket,3,MAGCOMSEN,Men's Lightweight Bomber Jackets Full Zip Casual Jackets Spring Thin Windbreaker Coat,£32.98,4.2 out of 5 stars,276
665,jacket,3,EKLENTSON,Men's Military Fleece Jackets Zip Up Hoodies Windbreakers Warm Hiking Camping Hunting Tactical Winter Coats with 6 Zip Pockets,£39.98,4.3 out of 5 stars,"1,096"
666,jacket,3,KEFITEVD,Men Bomber Baseball Jackets Winter Military Jacket Windproof Warm Cargo Coats with 4 Pockets,£39.98,4.4 out of 5 stars,"2,004"
667,jacket,3,MAGCOMSEN,Men's Waterproof Tactical Jackets Winter Outdoor Hiking Softshell Jacket Fleece Lining,£45.98,4.4 out of 5 stars,"3,040"
668,jacket,3,TACVASEN,Men's Military Jacket Lightweight Casual Cargo Jacket Army Bomber Windbreaker Coat,£46.98,4.4 out of 5 stars,245
669,jacket,3,EKLENTSON,Men's Casual Cotton Military Bomber Jacket Winter Outerwear Windbreaker Cargo Jacket Multi Pockets,£46.98,4.3 out of 5 stars,"1,372"
670,jacket,3,TACVASEN,Men's Waterproof Fleece Mountain Jacket Windproof Warm Ski Jacket Multi-Pockets,£53.98,4.4 out of 5 stars,"3,567"
671,jacket,3,Pioneer Camp,Winter Ski Jackets for Men Padded Jacket 3m Thinsulate Jacket Light Weight & Warm & Windbreaker Parka Jacket Waterproof Winter Coat Hooded Outdoor Jacket,£59.99,4.1 out of 5 stars,6
672,jacket,3,TACVASEN,Men's Winter Cargo Hooded Jacket Warm Fleece Casual Work Jacket with Multi-Pockets,£63.99,4.2 out of 5 stars,97
673,jacket,4,Allthemen,Mens Casual Jackets Bomber Jackets Lightweight Slim Fit Zip Coats Classic Outwear,£25.99,4.1 out of 5 stars,945
674,jacket,4,YOUTHUP,Mens Summer Bomber Jackets Casual Lightweight Windbreaker Sports Jacket Cargo Outwear,£28.99,4.1 out of 5 stars,"5,585"
675,jacket,4,TACVASEN,Men's Casual Lightweight Jacket Work Bomber Sports Jacket Thin Windbreaker,£32.98,4.3 out of 5 stars,811
676,jacket,4,MAGCOMSEN,Men's Lightweight Bomber Jackets Full Zip Casual Jackets Spring Thin Windbreaker Coat,£32.98,4.2 out of 5 stars,276
677,jacket,4,KEFITEVD,Men Bomber Baseball Jackets Winter Military Jacket Windproof Warm Cargo Coats with 4 Pockets,£39.98,4.4 out of 5 stars,"2,004"
679,jacket,4,MAGCOMSEN,Men's Waterproof Tactical Jackets Winter Outdoor Hiking Softshell Jacket Fleece Lining,£45.98,4.4 out of 5 stars,"3,040"
680,jacket,4,TACVASEN,Men's Military Jacket Lightweight Casual Cargo Jacket Army Bomber Windbreaker Coat,£46.98,4.4 out of 5 stars,245
681,jacket,4,TACVASEN,Men's Waterproof Fleece Mountain Jacket Windproof Warm Ski Jacket Multi-Pockets,£53.98,4.4 out of 5 stars,"3,567"
682,jacket,4,MAGCOMSEN,Men's Winter Jackets Thermal Puffer Long Coats Parka Jackets with Detachable Hood,£59.98,4.3 out of 5 stars,7
683,jacket,4,Pioneer Camp,Winter Ski Jackets for Men Padded Jacket 3m Thinsulate Jacket Light Weight & Warm & Windbreaker Parka Jacket Waterproof Winter Coat Hooded Outdoor Jacket,£59.99,4.1 out of 5 stars,6
684,jacket,4,TACVASEN,Men's Winter Cargo Hooded Jacket Warm Fleece Casual Work Jacket with Multi-Pockets,£63.99,4.2 out of 5 stars,97
685,jacket,5,YOUTHUP,Mens Summer Bomber Jackets Casual Lightweight Windbreaker Sports Jacket Cargo Outwear,£28.99,4.1 out of 5 stars,"5,585"
686,jacket,5,TACVASEN,Men's Casual Lightweight Jacket Work Bomber Sports Jacket Thin Windbreaker,£32.98,4.3 out of 5 stars,811
687,jacket,5,MAGCOMSEN,Men's Lightweight Bomber Jackets Full Zip Casual Jackets Spring Thin Windbreaker Coat,£32.98,4.2 out of 5 stars,276
688,jacket,5,EKLENTSON,Men's Military Fleece Jackets Zip Up Hoodies Windbreakers Warm Hiking Camping Hunting Tactical Winter Coats with 6 Zip Pockets,£39.98,4.3 out of 5 stars,"1,096"
689,jacket,5,KEFITEVD,Men Bomber Baseball Jackets Winter Military Jacket Windproof Warm Cargo Coats with 4 Pockets,£39.98,4.4 out of 5 stars,"2,004"
690,jacket,5,MAGCOMSEN,Men's Waterproof Tactical Jackets Winter Outdoor Hiking Softshell Jacket Fleece Lining,£45.98,4.4 out of 5 stars,"3,040"
691,jacket,5,TACVASEN,Men's Military Jacket Lightweight Casual Cargo Jacket Army Bomber Windbreaker Coat,£46.98,4.4 out of 5 stars,245
692,jacket,5,EKLENTSON,Men's Casual Cotton Military Bomber Jacket Winter Outerwear Windbreaker Cargo Jacket Multi Pockets,£46.98,4.3 out of 5 stars,"1,372"
693,jacket,5,TACVASEN,Men's Waterproof Fleece Mountain Jacket Windproof Warm Ski Jacket Multi-Pockets,£53.98,4.4 out of 5 stars,"3,567"
694,jacket,5,EKLENTSON,Mens Fleece Lined Jackets Casual Winter Cargo Military Cotton Coat Thicken Outdoor Hiking Mountain Windbreaker Jacket with Multi Pocket,£54.98,4.1 out of 5 stars,169
695,jacket,5,Pioneer Camp,Winter Ski Jackets for Men Padded Jacket 3m Thinsulate Jacket Light Weight & Warm & Windbreaker Parka Jacket Waterproof Winter Coat Hooded Outdoor Jacket,£59.99,4.1 out of 5 stars,6
696,jacket,5,TACVASEN,Men's Winter Cargo Hooded Jacket Warm Fleece Casual Work Jacket with Multi-Pockets,£63.99,4.2 out of 5 stars,97
697,jacket,6,Allthemen,Mens Casual Jackets Bomber Jackets Lightweight Slim Fit Zip Coats Classic Outwear,£25.99,4.1 out of 5 stars,945
698,jacket,6,YOUTHUP,Mens Summer Bomber Jackets Casual Lightweight Windbreaker Sports Jacket Cargo Outwear,£28.99,4.1 out of 5 stars,"5,585"
699,jacket,6,TACVASEN,Men's Casual Lightweight Jacket Work Bomber Sports Jacket Thin Windbreaker,£32.98,4.3 out of 5 stars,811
700,jacket,6,MAGCOMSEN,Men's Lightweight Bomber Jackets Full Zip Casual Jackets Spring Thin Windbreaker Coat,£32.98,4.2 out of 5 stars,276
701,jacket,6,KEFITEVD,Men Bomber Baseball Jackets Winter Military Jacket Windproof Warm Cargo Coats with 4 Pockets,£39.98,4.4 out of 5 stars,"2,004"
703,jacket,6,MAGCOMSEN,Men's Waterproof Tactical Jackets Winter Outdoor Hiking Softshell Jacket Fleece Lining,£45.98,4.4 out of 5 stars,"3,040"
704,jacket,6,TACVASEN,Men's Military Jacket Lightweight Casual Cargo Jacket Army Bomber Windbreaker Coat,£46.98,4.4 out of 5 stars,245
705,jacket,6,TACVASEN,Men's Waterproof Fleece Mountain Jacket Windproof Warm Ski Jacket Multi-Pockets,£53.98,4.4 out of 5 stars,"3,567"
706,jacket,6,MAGCOMSEN,Men's Winter Jackets Thermal Puffer Long Coats Parka Jackets with Detachable Hood,£59.98,4.3 out of 5 stars,7
707,jacket,6,Pioneer Camp,Winter Ski Jackets for Men Padded Jacket 3m Thinsulate Jacket Light Weight & Warm & Windbreaker Parka Jacket Waterproof Winter Coat Hooded Outdoor Jacket,£59.99,4.1 out of 5 stars,6
708,jacket,6,TACVASEN,Men's Winter Cargo Hooded Jacket Warm Fleece Casual Work Jacket with Multi-Pockets,£63.99,4.2 out of 5 stars,97
709,jacket,7,YOUTHUP,Mens Summer Bomber Jackets Casual Lightweight Windbreaker Sports Jacket Cargo Outwear,£28.99,4.1 out of 5 stars,"5,585"
710,jacket,7,TACVASEN,Men's Casual Lightweight Jacket Work Bomber Sports Jacket Thin Windbreaker,£32.98,4.3 out of 5 stars,811
711,jacket,7,MAGCOMSEN,Men's Lightweight Bomber Jackets Full Zip Casual Jackets Spring Thin Windbreaker Coat,£32.98,4.2 out of 5 stars,276
712,jacket,7,EKLENTSON,Men's Military Fleece Jackets Zip Up Hoodies Windbreakers Warm Hiking Camping Hunting Tactical Winter Coats with 6 Zip Pockets,£39.98,4.3 out of 5 stars,"1,096"
713,jacket,7,KEFITEVD,Men Bomber Baseball Jackets Winter Military Jacket Windproof Warm Cargo Coats with 4 Pockets,£39.98,4.4 out of 5 stars,"2,004"
714,jacket,7,MAGCOMSEN,Men's Waterproof Tactical Jackets Winter Outdoor Hiking Softshell Jacket Fleece Lining,£45.98,4.4 out of 5 stars,"3,040"
715,jacket,7,TACVASEN,Men's Military Jacket Lightweight Casual Cargo Jacket Army Bomber Windbreaker Coat,£46.98,4.4 out of 5 stars,245
716,jacket,7,EKLENTSON,Men's Casual Cotton Military Bomber Jacket Winter Outerwear Windbreaker Cargo Jacket Multi Pockets,£46.98,4.3 out of 5 stars,"1,372"
717,jacket,7,TACVASEN,Men's Waterproof Fleece Mountain Jacket Windproof Warm Ski Jacket Multi-Pockets,£53.98,4.4 out of 5 stars,"3,567"
718,jacket,7,EKLENTSON,Mens Fleece Lined Jackets Casual Winter Cargo Military Cotton Coat Thicken Outdoor Hiking Mountain Windbreaker Jacket with Multi Pocket,£54.98,4.1 out of 5 stars,169
719,jacket,7,Pioneer Camp,Winter Ski Jackets for Men Padded Jacket 3m Thinsulate Jacket Light Weight & Warm & Windbreaker Parka Jacket Waterproof Winter Coat Hooded Outdoor Jacket,£59.99,4.1 out of 5 stars,6
720,jacket,7,TACVASEN,Men's Winter Cargo Hooded Jacket Warm Fleece Casual Work Jacket with Multi-Pockets,£63.99,4.2 out of 5 stars,97
721,khakis,1,JustSun,Mens Hoodies Pullover Casual Jacquard Hooded Sweatshirts,£24.99,4.1 out of 5 stars,70
722,khakis,1,Dockers,Men's Alpha Original Khaki Slim-Lightweight Pants,£27.70,4.2 out of 5 stars,13
723,khakis,1,Dockers,Men's Alpha Original Khaki Slim-Lightweight Pants,£38.99,3.0 out of 5 stars,2
725,khakis,1,KEFITEVD,Men's Casual Cargo Jacket Autumn Military Bomber Jackets Windbreaker Coat,£46.98,4.3 out of 5 stars,"4,398"
726,khakis,1,Dockers,Men's Alpha Original Khaki Trouser,£48.94,4.2 out of 5 stars,173
727,khakis,1,Dockers,Men's Alpha Original Khaki Skinny-Lite Trousers,£48.94,4.2 out of 5 stars,661
728,khakis,2,Arcweg,Mens Shorts Loose Casual with Pockets Elastic Waist Drawstring Cotton Men Shorts Summer Knee Length Breathable Classical Flat Front Shorts,£17.99,4.3 out of 5 stars,385
729,khakis,2,LVCBL,Men's Summer Loose Casual Linen Shorts with Pockets Elasticated Waist,£18.99,3.8 out of 5 stars,41
730,khakis,2,Tim And Ted,I'm Sexy and I Mow It T Shirt,£19.99,5.0 out of 5 stars,2
731,khakis,2,JustSun,Mens Summers Cotton Casual Shorts Elastic Waist Pockets,£21.99,4.2 out of 5 stars,"4,829"
732,khakis,2,Putaowor,Men's Lightweight Cotton Full Elastic Waist Loose Fit Drawstring Workout Washed Cargo Shorts,£22.99,4.1 out of 5 stars,251
733,khakis,2,Putaowor,Mens Lightweight Elastic Waist Cargo Short Relaxed Fit Summer Short,£24.99,3.9 out of 5 stars,181
734,khakis,2,JustSun,Mens Hoodies Pullover Casual Jacquard Hooded Sweatshirts,£24.99,4.1 out of 5 stars,70
735,khakis,2,TACVASEN,Women's Winter Trousers Fleece Lined Outdoor Ladies Walking Hiking Trousers Water-Resistant Trousers with Zip Pockets,£34.98,5.0 out of 5 stars,1
737,khakis,2,KEFITEVD,Men's Casual Cargo Jacket Autumn Military Bomber Jackets Windbreaker Coat,£46.98,4.3 out of 5 stars,"4,398"
738,khakis,2,Dockers,Men's Alpha Original Khaki Trouser,£48.94,4.2 out of 5 stars,173
739,khakis,2,Dockers,Men's Alpha Original Khaki Skinny-Lite Trousers,£55.79,4.2 out of 5 stars,662
740,khakis,3,SIVVAN,Scrubs for Women - Drawstring Cargo Scrub Pants (Available in 15 Colors),£15.83,4.3 out of 5 stars,406
741,khakis,3,Arcweg,Mens Shorts Loose Casual with Pockets Elastic Waist Drawstring Cotton Men Shorts Summer Knee Length Breathable Classical Flat Front Shorts,£17.99,4.3 out of 5 stars,385
742,khakis,3,LVCBL,Men's Summer Loose Casual Linen Shorts with Pockets Elasticated Waist,£18.99,3.8 out of 5 stars,41
743,khakis,3,Tim And Ted,I'm Sexy and I Mow It T Shirt,£19.99,5.0 out of 5 stars,2
744,khakis,3,JustSun,Mens Summers Cotton Casual Shorts Elastic Waist Pockets,£21.99,4.2 out of 5 stars,"4,829"
745,khakis,3,Putaowor,Men's Lightweight Cotton Full Elastic Waist Loose Fit Drawstring Workout Washed Cargo Shorts,£22.99,4.1 out of 5 stars,251
746,khakis,3,JustSun,Mens Cotton Casual Shorts Elastic Waist Pockets,£22.99,4.2 out of 5 stars,"2,249"
747,khakis,3,JustSun,Mens Hoodies Pullover Casual Jacquard Hooded Sweatshirts,£24.99,4.1 out of 5 stars,70
748,khakis,3,Putaowor,Mens Lightweight Elastic Waist Cargo Short Relaxed Fit Summer Short,£24.99,3.9 out of 5 stars,181
749,khakis,3,MB CLOTHING,"EXPANDABLE WAIST CHINO TROUSERS CLASSIC SIDE ELASTIC WAIST CHINO CONCEALED SEMI SIDE ELASTIC AT THE WAIST 100% COTTON COLOURS SOFT MULBERRY, STONE, NAVY, SOFT BLUE, SOFT OLIVE ZIP FLY TWO POCKET AT",£37.99,4.2 out of 5 stars,191
750,khakis,3,Dockers,Men's Alpha Original Khaki Trouser,£48.94,4.2 out of 5 stars,173
751,khakis,3,Dockers,Men's Alpha Original Khaki Skinny-Lite Trousers,£55.79,4.2 out of 5 stars,662
752,khakis,4,Arcweg,Mens Shorts Loose Casual with Pockets Elastic Waist Drawstring Cotton Men Shorts Summer Knee Length Breathable Classical Flat Front Shorts,£17.99,4.3 out of 5 stars,385
753,khakis,4,LVCBL,Men's Summer Loose Casual Linen Shorts with Pockets Elasticated Waist,£18.99,3.8 out of 5 stars,41
754,khakis,4,Tim And Ted,I'm Sexy and I Mow It T Shirt,£19.99,5.0 out of 5 stars,2
755,khakis,4,JustSun,Mens Summers Cotton Casual Shorts Elastic Waist Pockets,£21.99,4.2 out of 5 stars,"4,829"
756,khakis,4,Putaowor,Men's Lightweight Cotton Full Elastic Waist Loose Fit Drawstring Workout Washed Cargo Shorts,£22.99,4.1 out of 5 stars,251
757,khakis,4,JustSun,Mens Hoodies Pullover Casual Jacquard Hooded Sweatshirts,£24.99,4.1 out of 5 stars,70
758,khakis,4,Putaowor,Mens Lightweight Elastic Waist Cargo Short Relaxed Fit Summer Short,£24.99,3.9 out of 5 stars,181
759,khakis,4,Duck and Cover,Mens 'MAYLEAD' Everyday Essential Slim Fit Stretch Jeans | 'TRANFOLD' Ripped Faded Abraised Effect Cotton Rich Straight Jeans,£29.99,4.3 out of 5 stars,"2,167"
760,khakis,4,TACVASEN,Women's Winter Trousers Fleece Lined Outdoor Ladies Walking Hiking Trousers Water-Resistant Trousers with Zip Pockets,£34.98,5.0 out of 5 stars,1
762,khakis,4,Dockers,Men's Alpha Original Khaki Trouser,£48.94,4.2 out of 5 stars,173
763,khakis,4,Dockers,Men's Alpha Original Khaki Skinny-Lite Trousers,£55.79,4.2 out of 5 stars,662
764,khakis,5,SIVVAN,Scrubs for Women - Drawstring Cargo Scrub Pants (Available in 15 Colors),£15.83,4.3 out of 5 stars,406
765,khakis,5,JustSun,Mens Cotton Casual Shorts Elastic Waist Pockets,£16.99,4.2 out of 5 stars,"2,249"
766,khakis,5,Arcweg,Mens Shorts Loose Casual with Pockets Elastic Waist Drawstring Cotton Men Shorts Summer Knee Length Breathable Classical Flat Front Shorts,£17.99,4.3 out of 5 stars,385
767,khakis,5,LVCBL,Men's Summer Loose Casual Linen Shorts with Pockets Elasticated Waist,£18.99,3.8 out of 5 stars,41
768,khakis,5,Tim And Ted,I'm Sexy and I Mow It T Shirt,£19.99,5.0 out of 5 stars,2
769,khakis,5,JustSun,Mens Summers Cotton Casual Shorts Elastic Waist Pockets,£21.99,4.2 out of 5 stars,"4,829"
770,khakis,5,Putaowor,Men's Lightweight Cotton Full Elastic Waist Loose Fit Drawstring Workout Washed Cargo Shorts,£22.99,4.1 out of 5 stars,251
771,khakis,5,JustSun,Mens Hoodies Pullover Casual Jacquard Hooded Sweatshirts,£24.99,4.1 out of 5 stars,70
772,khakis,5,Putaowor,Mens Lightweight Elastic Waist Cargo Short Relaxed Fit Summer Short,£24.99,3.9 out of 5 stars,181
773,khakis,5,Duck and Cover,Mens 'MAYLEAD' Everyday Essential Slim Fit Stretch Jeans | 'TRANFOLD' Ripped Faded Abraised Effect Cotton Rich Straight Jeans,£29.99,4.3 out of 5 stars,"2,167"
774,khakis,5,Dockers,Men's Alpha Original Khaki Trouser,£48.94,4.2 out of 5 stars,173
775,khakis,5,Dockers,Men's Alpha Original Khaki Skinny-Lite Trousers,£55.79,4.2 out of 5 stars,662
776,khakis,6,Arcweg,Mens Shorts Loose Casual with Pockets Elastic Waist Drawstring Cotton Men Shorts Summer Knee Length Breathable Classical Flat Front Shorts,£17.99,4.3 out of 5 stars,385
777,khakis,6,LVCBL,Men's Summer Loose Casual Linen Shorts with Pockets Elasticated Waist,£18.99,3.8 out of 5 stars,41
778,khakis,6,Tim And Ted,I'm Sexy and I Mow It T Shirt,£19.99,5.0 out of 5 stars,2
779,khakis,6,Putaowor,Men's Lightweight Cotton Full Elastic Waist Loose Fit Drawstring Workout Washed Cargo Shorts,£22.99,4.1 out of 5 stars,251
780,khakis,6,JustSun,Mens Hoodies Pullover Casual Jacquard Hooded Sweatshirts,£24.99,4.1 out of 5 stars,70
781,khakis,6,Putaowor,Mens Lightweight Elastic Waist Cargo Short Relaxed Fit Summer Short,£24.99,3.9 out of 5 stars,181
782,khakis,6,Duck and Cover,Mens 'MAYLEAD' Everyday Essential Slim Fit Stretch Jeans | 'TRANFOLD' Ripped Faded Abraised Effect Cotton Rich Straight Jeans,£29.99,4.3 out of 5 stars,"2,167"
783,khakis,6,TACVASEN,Women's Winter Trousers Fleece Lined Outdoor Ladies Walking Hiking Trousers Water-Resistant Trousers with Zip Pockets,£34.98,5.0 out of 5 stars,1
785,khakis,6,KEFITEVD,Men's Casual Cargo Jacket Autumn Military Bomber Jackets Windbreaker Coat,£46.98,4.3 out of 5 stars,"4,398"
786,khakis,6,Dockers,Men's Alpha Original Khaki Trouser,£48.94,4.2 out of 5 stars,173
787,khakis,6,Dockers,Men's Alpha Original Khaki Skinny-Lite Trousers,£55.79,4.2 out of 5 stars,662
788,khakis,7,Arcweg,Mens Shorts Loose Casual with Pockets Elastic Waist Drawstring Cotton Men Shorts Summer Knee Length Breathable Classical Flat Front Shorts,£17.99,4.3 out of 5 stars,385
789,khakis,7,LVCBL,Men's Summer Loose Casual Linen Shorts with Pockets Elasticated Waist,£18.99,3.8 out of 5 stars,41
790,khakis,7,Tim And Ted,I'm Sexy and I Mow It T Shirt,£19.99,5.0 out of 5 stars,2
791,khakis,7,Putaowor,Men's Lightweight Cotton Full Elastic Waist Loose Fit Drawstring Workout Washed Cargo Shorts,£22.99,4.1 out of 5 stars,251
792,khakis,7,Putaowor,Mens Lightweight Elastic Waist Cargo Short Relaxed Fit Summer Short,£24.99,3.9 out of 5 stars,181
793,khakis,7,JustSun,Mens Hoodies Pullover Casual Jacquard Hooded Sweatshirts,£24.99,4.1 out of 5 stars,70
794,khakis,7,Duck and Cover,Mens 'MAYLEAD' Everyday Essential Slim Fit Stretch Jeans | 'TRANFOLD' Ripped Faded Abraised Effect Cotton Rich Straight Jeans,£29.99,4.3 out of 5 stars,"2,167"
795,khakis,7,TACVASEN,Women's Winter Trousers Fleece Lined Outdoor Ladies Walking Hiking Trousers Water-Resistant Trousers with Zip Pockets,£34.98,5.0 out of 5 stars,1
797,khakis,7,KEFITEVD,Men's Casual Cargo Jacket Autumn Military Bomber Jackets Windbreaker Coat,£46.98,4.3 out of 5 stars,"4,398"
798,khakis,7,Dockers,Men's Alpha Original Khaki Trouser,£48.94,4.2 out of 5 stars,173
799,khakis,7,Dockers,Men's Alpha Original Khaki Skinny-Lite Trousers,£55.79,4.2 out of 5 stars,662
800,boots,1,TJC,HOMESMART Boots and Shoes Dryer Warmer Portable and Adjustable Odour Eliminator Damp and Wet Remover Foldable Quick Dryer for Footwear Boots Shoes Socks Gloves Hat,£23.99,4.3 out of 5 stars,47
801,boots,1,MecKiss,Women’s Knee High Boots Ladies Flat Low Block Heel Ruched Riding Booties Zip Buckle Winter Slouch Shoes,£28.99,4.3 out of 5 stars,45
802,boots,1,Black Hammer,Mens Safety Boots Steel Toe Cap S3 SRC Work Shoes Ankle Leather 7752 Black Hammer,£32.99,4.4 out of 5 stars,"3,250"
803,boots,1,AX BOXING,Mens Snow Boots Winter Warm Lined Ankle Boots Outdoor Walking Hiking Trekking Boots Size 7-11,£40.79,4.5 out of 5 stars,456
804,boots,1,SAFETOE,"Water Resistant Safety Work Boots [CE Certified] - 8025 Free Sock S3 Site Safety Shoes with Lightweight Wide Fit Steel Toe Cap, Black Waterproof Slip On Dealer Work Boots for Men & Women Size",£44.55,4.2 out of 5 stars,"3,927"
805,boots,1,Eagsouni,Snow Boots Womens Mens Winter Flat Ankle Boots Warm Fur Lined Fashion Combat Leather Shoes Casual Work Walking Hiking Lace Up Outdoor Trainer Urban,£46.99,4.5 out of 5 stars,"2,157"
806,boots,1,ARRIGO BELLO,Snow Boots Womens Winter Boots Warm Ankle Fully Fur Lined Anti-Slip Leather Boots Work Walking Hiking Outdoor Urban 4UK-7UK,£47.99,4.6 out of 5 stars,795
807,boots,1,AX BOXING,Men's Snow Boots Winter Warm Lined Ankle Boots Outdoor Walking Hiking Trekking Size 7-11,£47.99,4.5 out of 5 stars,386
808,boots,1,ARRIGO BELLO,Mens Snow Boots Winter Warm Ankle Fully Fur Lined Anti-Slip Leather Work Walking Hiking Outdoor Urban 7UK-11UK,£48.99,4.4 out of 5 stars,370
809,boots,1,AX BOXING,Mens Trekking Boots Winter Walking Hiking Boot Warm Lined Ankle Snow Outdoor Shoes Size 7-11,£48.99,4.5 out of 5 stars,433
810,boots,1,Caterpillar,Men's Colorado Boots,£95.01,4.6 out of 5 stars,"4,653"
812,boots,2,TJC,HOMESMART Boots and Shoes Dryer Warmer Portable and Adjustable Odour Eliminator Damp and Wet Remover Foldable Quick Dryer for Footwear Boots Shoes Socks Gloves Hat,£23.99,4.3 out of 5 stars,47
813,boots,2,Black Hammer,Mens Safety Boots Steel Toe Cap S3 SRC Work Shoes Ankle Leather 7752 Black Hammer,£32.99,4.4 out of 5 stars,"3,250"
814,boots,2,Hitmars,Ladies Ankle Boots Womens Fur Lined Snow Shoes Winter Combat Boot Warm Lace Up Outdoor Plat PU Leather Booties Comfy Fashion Black Grey Brown 3.5-9 UK,£34.99,4.2 out of 5 stars,"2,369"
816,boots,2,ARRIGO BELLO,Snow Boots Womens Winter Boots Warm Ankle Fully Fur Lined Anti-Slip Leather Boots Work Walking Hiking Outdoor Urban 4UK-7UK,£41.64,4.6 out of 5 stars,795
817,boots,2,Eagsouni,Snow Boots Womens Mens Winter Flat Ankle Boots Warm Fur Lined Fashion Combat Leather Shoes Casual Work Walking Hiking Lace Up Outdoor Trainer Urban,£46.99,4.5 out of 5 stars,"2,157"
818,boots,2,ARRIGO BELLO,Mens Snow Boots Winter Warm Ankle Fully Fur Lined Anti-Slip Leather Work Walking Hiking Outdoor Urban 7UK-11UK,£48.99,4.4 out of 5 stars,370
819,boots,2,Caterpillar,Men's Colorado Boots,£60.00,4.6 out of 5 stars,"4,653"
820,boots,2,Cat Footwear,Men's Elude Wp Chukka Boots,£86.50,4.7 out of 5 stars,610
821,boots,2,Timberland,Men's Euro Rock Heritage L/F Fashion Boots,£89.95,4.6 out of 5 stars,"1,088"
822,boots,2,Caterpillar,"Men's Colorado Boots, Black, 11 UK",£100.63,4.3 out of 5 stars,200
824,boots,3,TJC,HOMESMART Boots and Shoes Dryer Warmer Portable and Adjustable Odour Eliminator Damp and Wet Remover Foldable Quick Dryer for Footwear Boots Shoes Socks Gloves Hat,£23.99,4.3 out of 5 stars,47
825,boots,3,Hitmars,Ladies Ankle Boots Womens Fur Lined Snow Shoes Winter Combat Boot Warm Lace Up Outdoor Plat PU Leather Booties Comfy Fashion Black Grey Brown 3.5-9 UK,£32.99,4.2 out of 5 stars,"2,369"
827,boots,3,DREAM PAIRS,Utah Women's Knee High Riding Boots,£38.99,4.5 out of 5 stars,"9,523"
828,boots,3,AX BOXING,Mens Snow Boots Winter Warm Lined Ankle Boots Outdoor Walking Hiking Trekking Boots Size 7-11,£40.79,4.5 out of 5 stars,456
829,boots,3,ARRIGO BELLO,Snow Boots Womens Winter Boots Warm Ankle Fully Fur Lined Anti-Slip Leather Boots Work Walking Hiking Outdoor Urban 4UK-7UK,£41.64,4.6 out of 5 stars,795
830,boots,3,Eagsouni,Snow Boots Womens Mens Winter Flat Ankle Boots Warm Fur Lined Fashion Combat Leather Shoes Casual Work Walking Hiking Lace Up Outdoor Trainer Urban,£46.99,4.5 out of 5 stars,"2,157"
831,boots,3,AX BOXING,Men's Snow Boots Winter Warm Lined Ankle Boots Outdoor Walking Hiking Trekking Size 7-11,£47.99,4.5 out of 5 stars,386
832,boots,3,ARRIGO BELLO,Mens Snow Boots Winter Warm Ankle Fully Fur Lined Anti-Slip Leather Work Walking Hiking Outdoor Urban 7UK-11UK,£48.99,4.4 out of 5 stars,370
833,boots,3,Caterpillar,Men's Colorado Boots,£60.00,4.6 out of 5 stars,"4,653"
834,boots,3,Caterpillar,"Men's Colorado Boots, Black, 11 UK",£100.63,4.3 out of 5 stars,200
836,boots,4,TJC,HOMESMART Boots and Shoes Dryer Warmer Portable and Adjustable Odour Eliminator Damp and Wet Remover Foldable Quick Dryer for Footwear Boots Shoes Socks Gloves Hat,£23.99,4.3 out of 5 stars,47
837,boots,4,Hitmars,Ladies Ankle Boots Womens Fur Lined Snow Shoes Winter Combat Boot Warm Lace Up Outdoor Plat PU Leather Booties Comfy Fashion Black Grey Brown 3.5-9 UK,£32.99,4.2 out of 5 stars,"2,369"
838,boots,4,Black Hammer,Mens Safety Boots Steel Toe Cap S3 SRC Work Shoes Ankle Leather 7752 Black Hammer,£32.99,4.4 out of 5 stars,"3,250"
840,boots,4,AX BOXING,Mens Snow Boots Winter Warm Lined Ankle Boots Outdoor Walking Hiking Trekking Boots Size 7-11,£40.79,4.5 out of 5 stars,456
841,boots,4,ARRIGO BELLO,Snow Boots Womens Winter Boots Warm Ankle Fully Fur Lined Anti-Slip Leather Boots Work Walking Hiking Outdoor Urban 4UK-7UK,£41.64,4.6 out of 5 stars,795
842,boots,4,Eagsouni,Snow Boots Womens Mens Winter Flat Ankle Boots Warm Fur Lined Fashion Combat Leather Shoes Casual Work Walking Hiking Lace Up Outdoor Trainer Urban,£46.99,4.5 out of 5 stars,"2,157"
843,boots,4,AX BOXING,Men's Snow Boots Winter Warm Lined Ankle Boots Outdoor Walking Hiking Trekking Size 7-11,£47.99,4.5 out of 5 stars,386
844,boots,4,ARRIGO BELLO,Mens Snow Boots Winter Warm Ankle Fully Fur Lined Anti-Slip Leather Work Walking Hiking Outdoor Urban 7UK-11UK,£48.99,4.4 out of 5 stars,370
845,boots,4,Caterpillar,Men's Colorado Boots,£60.00,4.6 out of 5 stars,"4,653"
846,boots,4,Caterpillar,"Men's Colorado Boots, Black, 11 UK",£100.63,4.3 out of 5 stars,200
848,boots,5,TJC,HOMESMART Boots and Shoes Dryer Warmer Portable and Adjustable Odour Eliminator Damp and Wet Remover Foldable Quick Dryer for Footwear Boots Shoes Socks Gloves Hat,£23.99,4.3 out of 5 stars,47
849,boots,5,Hitmars,Ladies Ankle Boots Womens Fur Lined Snow Shoes Winter Combat Boot Warm Lace Up Outdoor Plat PU Leather Booties Comfy Fashion Black Grey Brown 3.5-9 UK,£32.99,4.2 out of 5 stars,"2,369"
851,boots,5,VOMIRA,Women's Platform Boots Lace Up Ankle Boots Punk Gothic Boots Chain Studded Knight Platform Wedge Boots,£39.99,4.0 out of 5 stars,113
852,boots,5,AX BOXING,Mens Snow Boots Winter Warm Lined Ankle Boots Outdoor Walking Hiking Trekking Boots Size 7-11,£40.79,4.5 out of 5 stars,456
853,boots,5,ARRIGO BELLO,Snow Boots Womens Winter Boots Warm Ankle Fully Fur Lined Anti-Slip Leather Boots Work Walking Hiking Outdoor Urban 4UK-7UK,£41.64,4.6 out of 5 stars,795
854,boots,5,Eagsouni,Snow Boots Womens Mens Winter Flat Ankle Boots Warm Fur Lined Fashion Combat Leather Shoes Casual Work Walking Hiking Lace Up Outdoor Trainer Urban,£46.99,4.5 out of 5 stars,"2,157"
855,boots,5,AX BOXING,Men's Snow Boots Winter Warm Lined Ankle Boots Outdoor Walking Hiking Trekking Size 7-11,£47.99,4.5 out of 5 stars,386
856,boots,5,ARRIGO BELLO,Mens Snow Boots Winter Warm Ankle Fully Fur Lined Anti-Slip Leather Work Walking Hiking Outdoor Urban 7UK-11UK,£48.99,4.4 out of 5 stars,370
857,boots,5,Caterpillar,Men's Colorado Boots,£60.00,4.6 out of 5 stars,"4,653"
858,boots,5,Caterpillar,"Men's Colorado Boots, Black, 11 UK",£100.63,4.3 out of 5 stars,200
860,boots,6,TJC,HOMESMART Boots and Shoes Dryer Warmer Portable and Adjustable Odour Eliminator Damp and Wet Remover Foldable Quick Dryer for Footwear Boots Shoes Socks Gloves Hat,£23.99,4.3 out of 5 stars,47
861,boots,6,Black Hammer,Mens Safety Boots Steel Toe Cap S3 SRC Work Shoes Ankle Leather 7752 Black Hammer,£32.99,4.4 out of 5 stars,"3,250"
862,boots,6,Hitmars,Ladies Ankle Boots Womens Fur Lined Snow Shoes Winter Combat Boot Warm Lace Up Outdoor Plat PU Leather Booties Comfy Fashion Black Grey Brown 3.5-9 UK,£34.99,4.2 out of 5 stars,"2,369"
864,boots,6,AX BOXING,Mens Snow Boots Winter Warm Lined Ankle Boots Outdoor Walking Hiking Trekking Boots Size 7-11,£40.79,4.5 out of 5 stars,456
865,boots,6,ARRIGO BELLO,Snow Boots Womens Winter Boots Warm Ankle Fully Fur Lined Anti-Slip Leather Boots Work Walking Hiking Outdoor Urban 4UK-7UK,£41.64,4.6 out of 5 stars,795
866,boots,6,Eagsouni,Snow Boots Womens Mens Winter Flat Ankle Boots Warm Fur Lined Fashion Combat Leather Shoes Casual Work Walking Hiking Lace Up Outdoor Trainer Urban,£46.99,4.5 out of 5 stars,"2,157"
867,boots,6,AX BOXING,Men's Snow Boots Winter Warm Lined Ankle Boots Outdoor Walking Hiking Trekking Size 7-11,£47.99,4.5 out of 5 stars,386
868,boots,6,ARRIGO BELLO,Mens Snow Boots Winter Warm Ankle Fully Fur Lined Anti-Slip Leather Work Walking Hiking Outdoor Urban 7UK-11UK,£48.99,4.4 out of 5 stars,370
869,boots,6,Caterpillar,Men's Colorado Boots,£60.00,4.6 out of 5 stars,"4,653"
870,boots,6,Caterpillar,"Men's Colorado Boots, Black, 11 UK",£100.63,4.3 out of 5 stars,200
872,boots,7,TJC,HOMESMART Boots and Shoes Dryer Warmer Portable and Adjustable Odour Eliminator Damp and Wet Remover Foldable Quick Dryer for Footwear Boots Shoes Socks Gloves Hat,£23.99,4.3 out of 5 stars,47
873,boots,7,Black Hammer,Mens Safety Boots Steel Toe Cap S3 SRC Work Shoes Ankle Leather 7752 Black Hammer,£32.99,4.4 out of 5 stars,"3,250"
874,boots,7,Hitmars,Ladies Ankle Boots Womens Fur Lined Snow Shoes Winter Combat Boot Warm Lace Up Outdoor Plat PU Leather Booties Comfy Fashion Black Grey Brown 3.5-9 UK,£34.99,4.2 out of 5 stars,"2,369"
876,boots,7,AX BOXING,Mens Snow Boots Winter Warm Lined Ankle Boots Outdoor Walking Hiking Trekking Boots Size 7-11,£40.79,4.5 out of 5 stars,456
877,boots,7,ARRIGO BELLO,Snow Boots Womens Winter Boots Warm Ankle Fully Fur Lined Anti-Slip Leather Boots Work Walking Hiking Outdoor Urban 4UK-7UK,£41.64,4.6 out of 5 stars,795
878,boots,7,Eagsouni,Snow Boots Womens Mens Winter Flat Ankle Boots Warm Fur Lined Fashion Combat Leather Shoes Casual Work Walking Hiking Lace Up Outdoor Trainer Urban,£46.99,4.5 out of 5 stars,"2,157"
879,boots,7,AX BOXING,Men's Snow Boots Winter Warm Lined Ankle Boots Outdoor Walking Hiking Trekking Size 7-11,£47.99,4.5 out of 5 stars,386
880,boots,7,ARRIGO BELLO,Mens Snow Boots Winter Warm Ankle Fully Fur Lined Anti-Slip Leather Work Walking Hiking Outdoor Urban 7UK-11UK,£48.99,4.4 out of 5 stars,370
881,boots,7,Caterpillar,Men's Colorado Boots,£60.00,4.6 out of 5 stars,"4,653"
882,boots,7,Caterpillar,"Men's Colorado Boots, Black, 11 UK",£100.63,4.3 out of 5 stars,200
1052,keyring,4,wisdompro,"Wisdompro Genuine Leather Car Keychain, Universal Key Fob Keychain Leather Key Chain Holder for Men and Women, 360 Degree Rotatable, with Anti-lost D-ring - Black(Silver keyclip)",£8.99,4.2 out of 5 stars,11
1053,keyring,4,Generic,Keyring Key Rings Keyrings For House Car Keys Ring Women Kids Party Bags | Handmade Genuine Cow Leather Hanging Accessories Mto6690,£8.99,5.0 out of 5 stars,1
1054,keyring,4,BiaoGan,"Retractable Keychain Keyring Heavy Duty - BiaoGan 2 Pack Metal Retractable Badge Holder Key Reel, 80cm Cord, Carabiner Key Chain Keychain with Belt Clip, Hold Up to 15 Keys and Tools",£12.99,4.4 out of 5 stars,16
1055,keyring,4,Ruth&Boaz,Handmade Italian Vegetable Leather Belt Loop Keychain Keyring,£22.99,4.3 out of 5 stars,68
1056,keyring,5,Belgovia,"Belgovia Key Tags with Labels and Split Rings - Pack of 10 Multi Coloured Sturdy & Durable Plastic Key Fobs Easy to Read, & Multipurpose, for Luggage, Pets & Office",£2.97,4.3 out of 5 stars,785
1057,keyring,5,saizone,"Pack of 10 Keyring Rings Hoops with Swivel Lobster Clasps, Metal Key Ring Clips and Keyring Rings Key Chains Hooks with Split Rings for Handmade Accessories of Jewellery",£3.99,4.5 out of 5 stars,289
1058,keyring,5,KeySmart,Compact Key Holder Add-on Accessory,£4.99,4.4 out of 5 stars,"3,834"
1059,keyring,5,Leen4You,Key Rings Metal Split Rings Flat Keyrings Keychain Ring Hoop for Car Home Keys -Pack of 20 (25mm),£5.99,4.5 out of 5 stars,231
1060,keyring,5,Bememo,"100 Pack Key Ring Round Hoop Small Metal Split Rings for Home Keys Organization and Craft Making, Silver",£5.99,4.5 out of 5 stars,"1,238"
1062,keyring,5,Generic,Keyring Key Rings Keyrings For House Car Keys Ring Women Kids Party Bags | Handmade Genuine Cow Leather Hanging Accessories MTO1428,£6.99,4.3 out of 5 stars,4
1063,keyring,5,wisdompro,"Wisdompro Genuine Leather Car Keychain, Universal Key Fob Keychain Leather Key Chain Holder for Men and Women, 360 Degree Rotatable, with Anti-lost D-ring - Black(Silver keyclip)",£8.99,4.2 out of 5 stars,11
1064,keyring,5,Generic,Keyring Key Rings Keyrings For House Car Keys Ring Women Kids Party Bags | Handmade Genuine Cow Leather Hanging Accessories Mto6690,£8.99,5.0 out of 5 stars,1
1065,keyring,5,BiaoGan,"Retractable Keychain Keyring Heavy Duty - BiaoGan 2 Pack Metal Retractable Badge Holder Key Reel, 80cm Cord, Carabiner Key Chain Keychain with Belt Clip, Hold Up to 15 Keys and Tools",£12.99,4.4 out of 5 stars,16
1066,keyring,5,YOKESIN,"Leather Car Keychains Replacement with Logo,Car Key Chain,Key Chain for Men,,Metal Keychain Accessories,Family Present",£15.99,5.0 out of 5 stars,5
1067,keyring,5,Ruth&Boaz,Handmade Italian Vegetable Leather Belt Loop Keychain Keyring,£22.99,4.3 out of 5 stars,68
1068,keyring,6,Belgovia,"Belgovia Key Tags with Labels and Split Rings - Pack of 10 Multi Coloured Sturdy & Durable Plastic Key Fobs Easy to Read, & Multipurpose, for Luggage, Pets & Office",£2.97,4.3 out of 5 stars,785
1069,keyring,6,saizone,"Pack of 10 Keyring Rings Hoops with Swivel Lobster Clasps, Metal Key Ring Clips and Keyring Rings Key Chains Hooks with Split Rings for Handmade Accessories of Jewellery",£3.99,4.5 out of 5 stars,289
1070,keyring,6,KeySmart,Compact Key Holder Add-on Accessory,£4.99,4.4 out of 5 stars,"3,834"
1071,keyring,6,kuou,"50 Pcs Key Tags with Split Ring,10 Colors Plastic Key Fobs Labels ID Keyring Tags for Luggage, Keys, Pets and Memory Stick Tags",£4.99,4.3 out of 5 stars,18
1072,keyring,6,Leen4You,Key Rings Metal Split Rings Flat Keyrings Keychain Ring Hoop for Car Home Keys -Pack of 20 (25mm),£5.99,4.5 out of 5 stars,231
1074,keyring,6,Generic,Keyring Key Rings Keyrings For House Car Keys Ring Women Kids Party Bags | Handmade Genuine Cow Leather Hanging Accessories MTO1428,£6.99,4.3 out of 5 stars,4
1075,keyring,6,wisdompro,"Wisdompro Genuine Leather Car Keychain, Universal Key Fob Keychain Leather Key Chain Holder for Men and Women, 360 Degree Rotatable, with Anti-lost D-ring - Black(Silver keyclip)",£8.99,4.2 out of 5 stars,11
1076,keyring,6,Generic,Keyring Key Rings Keyrings For House Car Keys Ring Women Kids Party Bags | Handmade Genuine Cow Leather Hanging Accessories Mto6690,£8.99,5.0 out of 5 stars,1
1077,keyring,6,BiaoGan,"Retractable Keychain Keyring Heavy Duty - BiaoGan 2 Pack Metal Retractable Badge Holder Key Reel, 80cm Cord, Carabiner Key Chain Keychain with Belt Clip, Hold Up to 15 Keys and Tools",£12.99,4.4 out of 5 stars,16
1078,keyring,6,YOKESIN,"Leather Car Keychains Replacement with Logo,Car Key Chain,Key Chain for Men,,Metal Keychain Accessories,Family Present",£15.99,5.0 out of 5 stars,5
1079,keyring,6,Ruth&Boaz,Handmade Italian Vegetable Leather Belt Loop Keychain Keyring,£22.99,4.3 out of 5 stars,68
1080,keyring,7,Belgovia,"Belgovia Key Tags with Labels and Split Rings - Pack of 10 Multi Coloured Sturdy & Durable Plastic Key Fobs Easy to Read, & Multipurpose, for Luggage, Pets & Office",£2.97,4.3 out of 5 stars,785
1081,keyring,7,saizone,"Pack of 10 Keyring Rings Hoops with Swivel Lobster Clasps, Metal Key Ring Clips and Keyring Rings Key Chains Hooks with Split Rings for Handmade Accessories of Jewellery",£3.99,4.5 out of 5 stars,289
1082,keyring,7,KeySmart,Compact Key Holder Add-on Accessory,£4.99,4.4 out of 5 stars,"3,834"
1083,keyring,7,Leen4You,Key Rings Metal Split Rings Flat Keyrings Keychain Ring Hoop for Car Home Keys -Pack of 20 (25mm),£5.99,4.5 out of 5 stars,231
1085,keyring,7,Generic,Keyring Key Rings Keyrings For House Car Keys Ring Women Kids Party Bags | Handmade Genuine Cow Leather Hanging Accessories MTO1428,£6.99,4.3 out of 5 stars,4
1087,keyring,7,wisdompro,"Wisdompro Genuine Leather Car Keychain, Universal Key Fob Keychain Leather Key Chain Holder for Men and Women, 360 Degree Rotatable, with Anti-lost D-ring - Black(Silver keyclip)",£8.99,4.2 out of 5 stars,11
1088,keyring,7,Generic,Keyring Key Rings Keyrings For House Car Keys Ring Women Kids Party Bags | Handmade Genuine Cow Leather Hanging Accessories Mto6690,£8.99,5.0 out of 5 stars,1
1089,keyring,7,BiaoGan,"Retractable Keychain Keyring Heavy Duty - BiaoGan 2 Pack Metal Retractable Badge Holder Key Reel, 80cm Cord, Carabiner Key Chain Keychain with Belt Clip, Hold Up to 15 Keys and Tools",£12.99,4.4 out of 5 stars,16
1090,keyring,7,YOKESIN,"Leather Car Keychains Replacement with Logo,Car Key Chain,Key Chain for Men,,Metal Keychain Accessories,Family Present",£15.99,5.0 out of 5 stars,5
1091,keyring,7,Ruth&Boaz,Handmade Italian Vegetable Leather Belt Loop Keychain Keyring,£22.99,4.3 out of 5 stars,68
